Workbook

Sheet 深睡枕PRO 2.0
C2: 时间 | D2: 45492 | E2: 45493 | F2: 45494 | G2: 45495 | H2: 45496 | I2: 45497 | J2: 45498 | K2: 45499 | L2: 45500 | M2: 45501 | N2: 45502 | O2: 45503 | P2: 45504 | Q2: 45505 | R2: 45506 | S2: 45507 | T2: 45508 | U2: 45509 | V2: 45510 | W2: 45511 | X2: 45512 | Y2: 45513 | Z2: 45514 | AA2: 45515 | AB2: 45516 | AC2: 45517 | AD2: 45518 | AE2: 45519 | AF2: 45520 | AG2: 45521 | AH2: 45522 | AI2: 45523 | AJ2: 45524 | AK2: 45525 | AL2: 45526 | AM2: 45527 | AN2: 45528 | AO2: 45529 | AP2: 45530 | AQ2: 45531 | AR2: 45532 | AS2: 45533 | AT2: 45534 | AU2: 45535 | AV2: 45536 | AW2: 45537 | AX2: 45538 | AY2: 45539 | AZ2: 45540 | BA2: 45541 | BB2: 45542 | BC2: 45543 | BD2: 45544 | BE2: 45545 | BF2: 45546 | BG2: 45547 | BH2: 45548 | BI2: 45549 | BJ2: 45550 | BK2: 45551 | BL2: 45552 | BM2: 45553 | BN2: 45554 | BO2: 45555 | BP2: 45556 | BQ2: 45557 | BR2: 45558 | BS2: 45559 | BT2: 45560 | BU2: 45561 | BV2: 45562 | BW2: 45563 | BX2: 45564 | BY2: 45565 | BZ2: 45566 | CA2: 45567 | CB2: 45568 | CC2: 45569 | CD2: 45570 | CE2: 45571 | CF2: 45572 | CG2: 45573 | CH2: 45574 | CI2: 45575 | CJ2: 45576 | CK2: 45577 | CL2: 45578 | CM2: 45579 | CN2: 45580 | CO2: 45581 | CP2: 45582 | CQ2: 45583 | CR2: 45584 | CS2: 45585 | CT2: 45586 | CU2: 45587 | CV2: 45588 | CW2: 45589 | CX2: 45590 | CY2: 45591 | CZ2: 45592 | DA2: 45593 | DB2: 45594 | DC2: 45595 | DD2: 45596 | DE2: 45597 | DF2: 45598 | DG2: 45599 | DH2: 45600 | DI2: 45601 | DJ2: 45602 | DK2: 45603 | DL2: 45604 | DM2: 45605 | DN2: 45606 | DO2: 45607 | DP2: 45608 | DQ2: 45609 | DR2: 45610 | DS2: 45611 | DT2: 45612 | DU2: 45613 | DV2: 45614 | DW2: 45615 | DX2: 45616 | DY2: 45617 | DZ2: 45618 | EA2: 45619 | EB2: 45620 | EC2: 45621 | ED2: 45622 | EE2: 45623 | EF2: 45624 | EG2: 45625 | EH2: 45626 | EI2: 45627 | EJ2: 45628 | EK2: 45629 | EL2: 45630 | EM2: 45631 | EN2: 45632 | EO2: 45633 | EP2: 45634 | EQ2: 45635 | ER2: 45636 | ES2: 45637 | ET2: 45638 | EU2: 45639
A3: 128000269031621 | B3: 成品到货计划 | C3: 预估到货量 | E3: 1000 | F3: 0 | G3: 0 | H3: 0 | I3: 4000 | J3: 4500 | K3: 4500 | L3: 5000 | M3: 5500 | N3: 4500 | O3: 4000 | P3: 7000 | Q3: 7500 | R3: 8500 | S3: 9000 | T3: 9000 | U3: 9000 | V3: 9000 | W3: 12000 | X3: 12000 | Y3: 12000 | Z3: 9000 | AA3: 12000 | AB3: 12000 | AC3: 5800 | AD3: 11200 | AE3: 5800 | AF3: 11200 | AG3: 5800 | AH3: 11200 | AI3: 5800 | AJ3: 11200 | AK3: 5800 | AL3: 11200 | AM3: 5800 | AN3: 11200 | AO3: 11200 | AP3: 5800 | AQ3: 11200 | AR3: 5800 | AS3: 11200 | AT3: 5800 | AU3: 11200 | AV3: 5800 | AW3: 11200 | AX3: 5800 | AY3: 11200 | AZ3: 11200 | BA3: 5800 | BB3: 11200 | BC3: 5800 | BD3: 11200 | BE3: 5800 | BF3: 11200 | BG3: 11200 | BH3: 11200 | BI3: 11200 | BJ3: 11200 | BK3: 11200 | BL3: 11200 | BM3: 11200 | BN3: 11200 | BO3: 11200 | BP3: 11200 | BQ3: 11200 | BR3: 11200 | BS3: 11200 | BT3: 16800 | BU3: 16800 | BV3: 11200 | BW3: 11200 | BX3: 16800 | BY3: 16800 | BZ3: 16800 | CA3: 0 | CB3: 0 | CC3: 0 | CD3: 0 | CE3: 0 | CF3: 0 | CG3: 11600 | CH3: 5800 | CI3: 5800 | CJ3: 5800 | CK3: 11600 | CL3: 8000 | CM3: 16800 | CN3: 5800 | CO3: 11600 | CP3: 11600 | CQ3: 11600 | CR3: 11600 | CS3: 11600 | CT3: 11600 | CU3: 17500 | CV3: 11600 | CW3: 17500 | CX3: 11600 | CY3: 11600 | CZ3: 11600 | DA3: 0 | DB3: 0 | DC3: 0 | DD3: 24000 | DE3: 12000 | DF3: 12000 | DG3: 0 | DH3: 10000 | DI3: 10000 | DJ3: 10000 | DK3: 14000 | DL3: 14000 | DM3: 14000 | DN3: 14000 | DO3: 12000 | DP3: 17000 | DQ3: 17000 | DR3: 11600 | DS3: 17000 | DT3: 17000 | DU3: 11600 | DV3: 11600 | DW3: 17000 | DX3: 17000 | DY3: 11600 | DZ3: 17000 | EA3: 17000 | EB3: 11600 | EC3: 11600 | ED3: 17000 | EE3: 17000 | EF3: 11600 | EG3: 17000 | EH3: 17000 | EI3: 11600 | EJ3: 11600 | EK3: 11600 | EL3: 17000 | EM3: 11600 | EN3: 11600 | EO3: 17000 | EP3: 11600 | EQ3: 11600 | ER3: 11600 | ES3: 17000 | ET3: 11600
C4: 实际到货量 | E4: 1089 | I4: 4860 | J4: 4239 | K4: 4509 | L4: 2106 | M4: 0 | N4: 5508 | O4: 4536 | P4: 5724 | Q4: 8502 | R4: 7742 | S4: 1512 | T4: 1620 | U4: 5250 | V4: 2880 | W4: 5859 | X4: 5832 | Y4: 5850 | Z4: 10400 | AA4: 5184 | AB4: 6156 | AC4: 5544 | AD4: 11836 | AE4: 6112 | AF4: 11669 | AG4: 8986 | AH4: 10043 | AI4: 5744 | AJ4: 4860 | AK4: 11340 | AL4: 10280 | AM4: 5508 | AN4: 11268 | AO4: 11576 | AP4: 5832 | AQ4: 11988 | AR4: 5832 | AS4: 11664 | AT4: 6156 | AU4: 11016 | AV4: 12136 | AW4: 0 | AX4: 11664 | AY4: 11523 | AZ4: 11576 | BA4: 6068 | BB4: 11664 | BC4: 11576 | BD4: 0 | BE4: 11988 | BF4: 6392 | BG4: 11547 | BH4: 7407 | BI4: 17172 | BJ4: 0 | BK4: 17320 | BL4: 9956 | BM4: 0 | BN4: 11664 | BO4: 0 | BP4: =13662+5832 | BQ4: =7290+4338+6068 | BR4: 11016 | BS4: 13520 | BT4: 11900 | BU4: =5850+6480 | BV4: 16580 | BW4: 7364 | BX4: 10044 | BY4: =12872+5850 | BZ4: =11700+9720 | CG4: 11934 | CH4: 5850 | CI4: 5508 | CJ4: 0 | CK4: 5508 | CL4: =9396+5868 | CM4: =11789+5850 | CN4: =5850+972 | CO4: =13844 | CP4: 8649 | CQ4: =11700+9407 | CR4: =5945+1944 | CS4: 21979 | CT4: 0 | CU4: 12224 | CV4: 17408 | CW4: =5832+5832+11754 | CX4: =5850+11988 | CY4: 6156 | CZ4: 5420 | DA4: 0 | DB4: 0 | DC4: 0 | DD4: 0
L5: 枕芯气味问题，影响出货 | BK5: 台风停产一天 | BO5: 发往华南
B6: 内枕套到货计划 | C6: 预估到货量 | F6: 5500 | G6: 5500 | H6: 7000 | I6: 7000 | J6: 8400 | K6: 7000 | L6: 7000 | M6: 7000 | O6: 8000 | P6: 8500 | Q6: 8500 | R6: 10000 | S6: 10000 | T6: 12000 | U6: 13000 | V6: 13000 | W6: 15000 | X6: 15000 | Y6: 15000 | Z6: 15000 | AB6: 15000 | AC6: 15000 | AD6: 15000 | AE6: 15000 | AF6: 15000 | AG6: 18000 | AH6: 18000 | AI6: 18000 | AJ6: 18000 | AK6: 18000 | AL6: 20000 | AM6: 20000 | AN6: 20000 | AO6: 20000 | AP6: 20000 | AQ6: 20000 | AR6: 20000 | AS6: 20000 | AT6: 20000 | AU6: 20000 | AV6: 20000 | AW6: 20000 | AX6: 20000 | AY6: 20000 | AZ6: 20000 | BA6: 20000 | BB6: 20000 | BC6: 20000 | BD6: 20000 | BE6: 20000 | BF6: 20000 | BG6: 20000 | BH6: 20000 | BI6: 20000 | BJ6: 20000 | BK6: 20000 | BL6: 20000 | BM6: 20000 | BN6: 20000 | BO6: 20000 | BP6: 20000 | BQ6: 20000 | BR6: 20000 | BS6: 20000 | BT6: 20000 | BU6: 20000 | BV6: 20000 | BW6: 20000 | BX6: 20000 | BY6: 20000 | CH6: 华南 | CW6: 华南5832个
C7: 实际到货量 | F7: 5500 | G7: 5500 | H7: 6720 | I7: 4480 | J7: 8400 | K7: 0 | L7: 0 | M7: 0 | N7: 0 | O7: 8960 | P7: 8500 | Q7: 8400 | R7: 12040 | S7: 0 | T7: 11000 | U7: 0 | V7: 12040 | W7: 0 | X7: 12040 | Y7: 0 | Z7: 12040 | AA7: 0 | AB7: 12040 | AC7: 12040 | AD7: 12040 | AE7: 12040 | AF7: 12040 | AG7: 12040 | AH7: 12040 | AI7: 12040 | AJ7: 12040 | AK7: 12040 | AL7: 12040 | AM7: 12040 | AN7: 12040 | AO7: 12040 | AQ7: 12040 | AR7: 12040 | AS7: 12040 | AT7: 12040 | AU7: 12040 | AV7: 12040 | AX7: 12040 | AY7: 12040 | AZ7: 12040 | BA7: 12040 | BB7: 12040 | BC7: 12040
I8: 缺口25日到 | J8: 补缺口1400个 | K8: 生产正常，因为有库存，高裕通知停止 送货两天 | L8: 仍停止送货，生产5000每天 | M8: 仍停止送货，生产5000每天 | O8: 开始送货 | R8: 高裕要求2天送货一次 | T8: 高裕要求2天送货一次
B9: 外枕套到货计划 | C9: 预估到货量 | E9: 400 | F9: 600 | G9: 1500 | H9: 3800 | I9: 4400 | J9: 5200 | K9: 5500 | L9: 6800 | M9: 5000 | N9: 4400 | O9: 8200 | P9: 8700 | Q9: 5000 | R9: 4000 | S9: 4800 | T9: 5400 | U9: 5400 | V9: 6200 | W9: 7100 | X9: 7700 | Y9: 8400 | Z9: 9300 | AA9: 9500 | AB9: 7200 | AC9: 6000 | AD9: 10000 | AE9: 10000 | AF9: 10000 | AG9: 10000 | AH9: 10000 | AI9: 10000 | AJ9: 8000 | AK9: 10000 | AL9: 10000 | AM9: 10000 | AN9: 10000 | AO9: 10000 | AP9: 10000 | AQ9: 11000 | AR9: 11000 | AS9: 11000 | AT9: 11000 | AU9: 11000 | AV9: 0 | AW9: 11000 | AX9: 12000 | AY9: 12000 | AZ9: 12000 | BA9: 13000 | BB9: 13000 | BC9: 0 | BD9: 18000 | BE9: 14000 | BF9: 14000 | BG9: 14000 | BH9: 14000 | BI9: 14000 | BJ9: 0 | BK9: 14000 | BL9: 0 | BM9: 14000 | BN9: 14000 | BO9: 14000 | BP9: 14000 | BQ9: 0 | BR9: 14000 | BS9: 14000 | BT9: 14000 | BU9: 14000 | BV9: 14000 | BW9: 14000 | BX9: 0 | BY9: 14000
C10: 实际到货量 | E10: 400 | F10: 600 | G10: 1500 | H10: 3800 | I10: 4400 | J10: 5200 | K10: 5500 | L10: 6500 | M10: 4000 | N10: 3200 | O10: 8000 | P10: 4000 | Q10: 5000 | R10: 4000 | S10: 2000 | T10: 8200 | U10: 3000 | V10: 7000 | W10: 6200 | X10: 8000 | Y10: 8300 | Z10: 8900 | AA10: 8900 | AB10: 6400 | AC10: 9000 | AD10: 9300 | AE10: 9300 | AF10: 9500 | AG10: 9500 | AH10: 12000 | AI10: 3000 | AJ10: 11000 | AK10: 11000 | AL10: 10100 | AM10: 9000 | AN10: 11000 | AO10: 11000 | AP10: 5000 | AR10: 8500 | AS10: 11000 | AT10: 11000 | AV10: 10000 | AW10: 5000 | AX10: 10000 | AY10: 10000 | AZ10: 9000
R11: 刀口问题突出，不良率过高
Q12: 蓝色部分为东隆8.1更新新出货计划
AM18: 142921 | AN18: 85000
AM19: 159500 | AN19: 99000
AP20: =260000*0.85

Sheet 控温被PRO-S级品
B1: sku编码 | C1: 颜色 | D1: 尺寸 | E1: 45616 | F1: 45617 | G1: 45618 | H1: 45619 | I1: 45620 | J1: 45621 | K1: 45622 | L1: 45623 | M1: 45624 | N1: 45625 | O1: 45626 | P1: 45627 | Q1: 45628 | R1: 45629 | S1: 45630 | T1: 45631 | U1: 45632 | V1: 45633 | W1: 45634 | X1: 45635 | Y1: 45636 | Z1: 45637 | AA1: 45638 | AB1: 45639 | AC1: 45640 | AD1: 45641 | AE1: 45642 | AF1: 45643 | AG1: 45644 | AH1: 45645 | AI1: 45646 | AJ1: 45647 | AK1: 45648 | AL1: 45649 | AM1: 45650 | AN1: 45651 | AO1: 45652 | AP1: 45653 | AQ1: 45654 | AR1: 45655 | AS1: 45656 | AT1: 45657
A2: 四季被整被到货计划 | B2: 12800025601141516 | C2: 深空蓝 | D2: 150*200cm | E2: 0 | F2: 0 | G2: 0 | H2: 0 | I2: 0 | J2: 0 | K2: 0 | L2: 0 | M2: 0 | N2: 0 | O2: 0 | P2: 0 | Q2: 0 | R2: 0 | S2: 810 | T2: 0 | U2: 0 | V2: 0 | W2: 810 | X2: 0 | Y2: 0 | Z2: 0 | AA2: 810 | AB2: 0 | AC2: 0 | AD2: 0 | AE2: 702 | AF2: 0 | AG2: 0 | AH2: 0 | AI2: 936 | AJ2: 0 | AK2: 0 | AL2: 0 | AM2: 936 | AN2: 0 | AO2: 0 | AP2: 0 | AQ2: 1032 | AR2: 0 | AS2: 0 | AT2: 1230
B3: 12800025601141514 | D3: 200*230cm | E3: 0 | F3: 0 | G3: 0 | H3: 0 | I3: 0 | J3: 0 | K3: 0 | L3: 0 | M3: 0 | N3: 0 | O3: 0 | P3: 0 | Q3: 0 | R3: 0 | S3: 1440 | T3: 0 | U3: 0 | V3: 0 | W3: 1440 | X3: 0 | Y3: 0 | Z3: 0 | AA3: 1440 | AB3: 0 | AC3: 0 | AD3: 0 | AE3: 1200 | AF3: 0 | AG3: 0 | AH3: 0 | AI3: 1664 | AJ3: 0 | AK3: 0 | AL3: 0 | AM3: 1664 | AN3: 0 | AO3: 0 | AP3: 0 | AQ3: 1764 | AR3: 0 | AS3: 0 | AT3: 4058
B4: 12800025601141513 | D4: 220*240cm | E4: 0 | F4: 0 | G4: 0 | H4: 0 | I4: 0 | J4: 0 | K4: 0 | L4: 0 | M4: 0 | N4: 0 | O4: 0 | P4: 0 | Q4: 0 | R4: 0 | S4: 810 | T4: 0 | U4: 0 | V4: 0 | W4: 810 | X4: 0 | Y4: 0 | Z4: 0 | AA4: 810 | AB4: 0 | AC4: 0 | AD4: 0 | AE4: 702 | AF4: 0 | AG4: 0 | AH4: 0 | AI4: 936 | AJ4: 0 | AK4: 0 | AL4: 0 | AM4: 936 | AN4: 0 | AO4: 0 | AP4: 0 | AQ4: 1032 | AR4: 0 | AS4: 0 | AT4: 1430
B5: 12800025601141416 | C5: 黎明灰 | D5: 150*200cm | E5: 0 | F5: 0 | G5: 0 | H5: 0 | I5: 0 | J5: 0 | K5: 0 | L5: 0 | M5: 0 | N5: 0 | O5: 0 | P5: 0 | Q5: 0 | R5: 0 | S5: 408 | T5: 0 | U5: 0 | V5: 0 | W5: 408 | X5: 0 | Y5: 0 | Z5: 0 | AA5: 408 | AB5: 0 | AC5: 0 | AD5: 0 | AE5: 360 | AF5: 0 | AG5: 0 | AH5: 0 | AI5: 480 | AJ5: 0 | AK5: 0 | AL5: 0 | AM5: 480 | AN5: 0 | AO5: 0 | AP5: 0 | AQ5: 576 | AR5: 0 | AS5: 0 | AT5: 1871
B6: 12800025601141414 | D6: 200*230cm | E6: 0 | F6: 0 | G6: 0 | H6: 0 | I6: 0 | J6: 0 | K6: 0 | L6: 0 | M6: 0 | N6: 0 | O6: 0 | P6: 0 | Q6: 0 | R6: 0 | S6: 628 | T6: 0 | U6: 0 | V6: 0 | W6: 628 | X6: 0 | Y6: 0 | Z6: 0 | AA6: 628 | AB6: 0 | AC6: 0 | AD6: 0 | AE6: 552 | AF6: 0 | AG6: 0 | AH6: 0 | AI6: 736 | AJ6: 0 | AK6: 0 | AL6: 0 | AM6: 736 | AN6: 0 | AO6: 0 | AP6: 0 | AQ6: 765 | AR6: 0 | AS6: 0 | AT6: 1000
B7: 12800025601141413 | D7: 220*240cm | E7: 0 | F7: 0 | G7: 0 | H7: 0 | I7: 0 | J7: 0 | K7: 0 | L7: 0 | M7: 0 | N7: 0 | O7: 0 | P7: 0 | Q7: 0 | R7: 0 | S7: 408 | T7: 0 | U7: 0 | V7: 0 | W7: 408 | X7: 0 | Y7: 0 | Z7: 0 | AA7: 408 | AB7: 0 | AC7: 0 | AD7: 0 | AE7: 360 | AF7: 0 | AG7: 0 | AH7: 0 | AI7: 480 | AJ7: 0 | AK7: 0 | AL7: 0 | AM7: 480 | AN7: 0 | AO7: 0 | AP7: 0 | AQ7: 0 | AR7: 0 | AS7: 0 | AT7: 500
B8: 12800025601141316 | C8: 朦胧黄 | D8: 150*200cm | E8: 0 | F8: 0 | G8: 0 | H8: 0 | I8: 0 | J8: 0 | K8: 0 | L8: 0 | M8: 0 | N8: 0 | O8: 0 | P8: 0 | Q8: 0 | R8: 0 | S8: 0 | T8: 0 | U8: 0 | V8: 0 | W8: 0 | X8: 0 | Y8: 0 | Z8: 0 | AA8: 0 | AB8: 0 | AC8: 0 | AD8: 0 | AE8: 0 | AF8: 0 | AG8: 0 | AH8: 0 | AI8: 0 | AJ8: 0 | AK8: 0 | AL8: 0 | AM8: 0 | AN8: 0 | AO8: 0 | AP8: 0 | AQ8: 0 | AR8: 0 | AS8: 0 | AT8: 204
B9: 12800025601141314 | D9: 200*230cm | E9: 0 | F9: 0 | G9: 0 | H9: 0 | I9: 0 | J9: 0 | K9: 0 | L9: 0 | M9: 0 | N9: 0 | O9: 0 | P9: 0 | Q9: 0 | R9: 0 | S9: 0 | T9: 0 | U9: 0 | V9: 0 | W9: 0 | X9: 0 | Y9: 0 | Z9: 0 | AA9: 0 | AB9: 0 | AC9: 0 | AD9: 0 | AE9: 0 | AF9: 0 | AG9: 0 | AH9: 0 | AI9: 0 | AJ9: 0 | AK9: 0 | AL9: 0 | AM9: 0 | AN9: 0 | AO9: 0 | AP9: 0 | AQ9: 0 | AR9: 0 | AS9: 0 | AT9: 300
B10: 12800025601141313 | D10: 220*240cm | E10: 0 | F10: 0 | G10: 0 | H10: 0 | I10: 0 | J10: 0 | K10: 0 | L10: 0 | M10: 0 | N10: 0 | O10: 0 | P10: 0 | Q10: 0 | R10: 0 | S10: 0 | T10: 0 | U10: 0 | V10: 0 | W10: 0 | X10: 0 | Y10: 0 | Z10: 0 | AA10: 0 | AB10: 0 | AC10: 0 | AD10: 0 | AE10: 0 | AF10: 0 | AG10: 0 | AH10: 0 | AI10: 0 | AJ10: 0 | AK10: 0 | AL10: 0 | AM10: 0 | AN10: 0 | AO10: 0 | AP10: 0 | AQ10: 0 | AR10: 0 | AS10: 0 | AT10: 200
B11: 计划到货量 | E11: 0 | F11: 0 | G11: 0 | H11: 0 | I11: 0 | J11: 0 | K11: 0 | L11: 0 | M11: 0 | N11: 0 | O11: 0 | P11: 0 | Q11: 0 | R11: 0 | S11: 4504 | T11: 0 | U11: 0 | V11: 0 | W11: 4504 | X11: 0 | Y11: 0 | Z11: 0 | AA11: 4504 | AB11: 0 | AC11: 0 | AD11: 0 | AE11: 3876 | AF11: 0 | AG11: 0 | AH11: 0 | AI11: 5232 | AJ11: 0 | AK11: 0 | AL11: 0 | AM11: 5232 | AN11: 0 | AO11: 0 | AP11: 0 | AQ11: 5169 | AR11: 0 | AS11: 0 | AT11: 10793

Sheet 控温被系列交付汇总
J1: 预计 | M1: 夏凉被1月试产 | N1: 夏凉被主要生产时间 | O1: 和夏凉被冲突
D2: 已接需求 | E2: 已下单 | F2: 待下单 | G2: 其他备料 | H2: 在途 | I2: 截止930交货 | J2: 10月 | K2: 11月 | L2: 12月 | M2: 1月 | N2: 2月 | O2: 3月 | P2: 产能爬坡 | U2: 纽培 | W2: 已接需求 | X2: 已下单 | Y2: 待下单 | Z2: 其他备料 | AA2: 在途 | AB2: 日需 | AC2: 截止1028交货 | AD2: 10月 | AE2: 11月 | AF2: 12月 | AG2: 1月 | AH2: 2月 | AI2: 3月 | AJ2: 产能爬坡 | AK2: 需求日期
B3: 整被-四季被 | C3: 万青 | D3: =SUM(E3:G5) | E3: =#REF! | H3: =#REF! | I3: =#REF!+#REF!+#REF!+#REF! | J3: 30372 | K3: 54000 | L3: 10800 | M3: =E3-I3-J3-K3-L3 | P3: 1400-1800 | R3: =L3/18 | U3: 整被-四季被 | V3: 万青 | W3: =X4+X5+Y5+X3 | X3: 25000 | AA3: =W3-AC4 | AJ3: 2W在库待发。1-2W待全检
C4: 优绵 | E4: =#REF! | H4: =#REF! | I4: =#REF!+#REF!+#REF! | J4: 13052 | K4: / | L4: 25000 | M4: 20000 | O4: =E4-I4-J4-L4-M4 | P4: / | V4: 优绵 | X4: 116119 | AC4: =29500+39384 | AK4: 11月中旬
C5: 迦南 | E5: 600 | F5: =28000-E5 | K5: 8000 | L5: =15000 | M5: 5000 | V5: 迦南 | X5: 600 | Y5: =28000-X5
B6: 整被-冬被 | C6: 万青 | D6: 183070 | F6: =L6 | H6: =D6-8000 | I6: 0 | L6: =8600+5400 | P6: 11/5 500 11/12 750 11/19 1000 11/26 1000 12/3 1000 | U6: 整被-冬被 | V6: 万青 | W6: 183070 | X6: 161070 | Z6: 2W | AA6: =X6-AC7-AC8 | AB6: 500 | AE6: 3700 | AF6: =14000-AE6 | AJ6: 目前2600-2800，11/5：3500，11/10到4000。（合计10.1W） | AK6: 45611
C7: 优绵 | E7: =#REF! | F7: 9000 | J7: 30000 | K7: 48000 | L7: =2000+9000 | P7: 10/18 1200 10/25 1500 11/5 1800 11/25 2000 | Q7: 12月下半月会给别的客户，90%变80%；1月变50-60% | R7: 60w的夏被，四季被只考虑到3月份，每天5-8百；7月开始又进入四季被 | V7: 优绵 | AB7: 2800 | AC7: 37850 | AD7: =AC7 | AE7: =E7-AD7
C8: 东隆 | E8: 58070 | F8: =22000 | J8: 14793 | K8: =30070+10000 | L8: 22000 | P8: 11月1w需要芜湖cover | V8: 东隆 | AB8: 1500 | AC8: 18886 | AD8: 20000 | AE8: =1500*30 | AF8: 17000
B9: 排湿层单层 | C9: 万青 | D9: =SUM(E9:E11)+SUM(G9:G12) | E9: ='控温被PRO单层出货计划&生产数据'!E19 | H9: =D9 | L9: 27500 | U9: 排湿层单层 | V9: 万青 | W9: =E10+E9+Z9 | X9: =W9-Z9 | Z9: 10000 | AA9: =W9-AC9 | AB9: 1200 | AC9: 12871 | AE9: =AB9*28 | AF9: =W9-AC9-AE9 | AJ9: 目前1500，可以提到2200（通知后3天左右出产能） | AK9: 11月中旬
C10: 优绵 | E10: ='控温被PRO单层出货计划&生产数据'!E29 | G10: 10000 | K10: 2000 | L10: =25500-11500 | N10: =E10-K10-L10 | O10: 10000 | V10: 优绵
C11: 东隆 | V11: 东隆
B12: 蓄热层-四季 | C12: 万青 | D12: =SUM(E12) | E12: 14000 | H12: =D12 | M12: =H12-L12 | U12: 蓄热层-四季 | V12: 万青 | W12: 14000 | AF12: =14000
B13: 蓄热层-冬季 | C13: 优绵 | D13: =E13+E14 | E13: 16000 | K13: 2000 | L13: 14000 | U13: 蓄热层-冬季 | V13: 优绵 | W13: 26000 | X13: 16000 | AA13: =W13-AC13 | AB13: 1000 | AD13: 2150 | AE13: =AB13*28 | AF13: 2500
C14: 东隆 | E14: 10000 | L14: 10000 | V14: 东隆 | X14: 10000 | AK14: 包装，签样未签
D15: =SUM(D3:D14) | E15: =SUM(E3:E14) | F15: =SUM(F3:F14) | G15: =SUM(G3:G14) | H15: =SUM(H3:H14) | I15: =SUM(I3:I14) | J15: =SUM(J3:J14) | K15: =SUM(K3:K14) | ... O15: =SUM(O3:O14) | W15: =SUM(W3:W14) | X15: =SUM(X3:X14) | Y15: =SUM(Y3:Y14) | Z15: =SUM(Z3:Z14) | AA15: 10000 | AC15: =SUM(AC3:AC14) | AD15: =SUM(AD3:AD14) | AE15: =SUM(AE3:AE14) | AF15: =SUM(AF3:AF13) | AG15: =SUM(AG3:AG14) | AH15: =SUM(AH3:AH14) | AI15: =SUM(AI3:AI14)
J17: 10月 | K17: 11月 | L17: 12月 | M17: 1月 | N17: 2月 | O17: 3月
I18: 万青 | J18: =SUMIF($C$3:$C$8,$I18,J$3:J$8)+SUMIF($C$9:$C$14,$I18,J$9:J$14)/2 | K18: =SUMIF($C$3:$C$8,$I18,K$3:K$8)+SUMIF($C$9:$C$14,$I18,K$9:K$14)/2 | L18: =SUMIF($C$3:$C$8,$I18,L$3:L$8)+SUMIF($C$9:$C$14,$I18,L$9:L$14)/2 | M18: =SUMIF($C$3:$C$8,$I18,M$3:M$8)+SUMIF($C$9:$C$14,$I18,M$9:M$14)/2 | N18: =SUMIF($C$3:$C$8,$I18,N$3:N$8)+SUMIF($C$9:$C$14,$I18,N$9:N$14)/2 | O18: =SUMIF($C$3:$C$8,$I18,O$3:O$8)+SUMIF($C$9:$C$14,$I18,O$9:O$14)/2 | W18: 10月 | X18: 11月 | Y18: 12月 | Z18: 1月 | AA18: 2月 | AB18: 3月 | AC18: 需求总数 | AJ18: =2800*4
I19: 优绵 | J19: =SUMIF($C$3:$C$8,$I19,J$3:J$8)+SUMIF($C$9:$C$14,$I19,J$9:J$14)/2 | K19: =SUMIF($C$3:$C$8,$I19,K$3:K$8)+SUMIF($C$9:$C$14,$I19,K$9:K$14)/2 | L19: =SUMIF($C$3:$C$8,$I19,L$3:L$8)+SUMIF($C$9:$C$14,$I19,L$9:L$14)/2 | M19: =SUMIF($C$3:$C$8,$I19,M$3:M$8)+SUMIF($C$9:$C$14,$I19,M$9:M$14)/2 | N19: =SUMIF($C$3:$C$8,$I19,N$3:N$8)+SUMIF($C$9:$C$14,$I19,N$9:N$14)/2 | O19: =SUMIF($C$3:$C$8,$I19,O$3:O$8)+SUMIF($C$9:$C$14,$I19,O$9:O$14)/2 | V19: 四季被-整被 | W19: =SUM(AD3:AD5) | X19: =SUM(AE3:AE5) | Y19: =SUM(AF3:AF5) | Z19: =SUM(AG3:AG5) | AA19: =SUM(AH3:AH5) | AB19: =SUM(AI3:AI5) | AC19: =SUM(W19:AB19) | AJ19: =3500*4
I20: 东隆 | J20: =SUMIF($C$3:$C$8,$I20,J$3:J$8)+SUMIF($C$9:$C$14,$I20,J$9:J$14)/2 | K20: =SUMIF($C$3:$C$8,$I20,K$3:K$8)+SUMIF($C$9:$C$14,$I20,K$9:K$14)/2 | L20: =SUMIF($C$3:$C$8,$I20,L$3:L$8)+SUMIF($C$9:$C$14,$I20,L$9:L$14)/2 | M20: =SUMIF($C$3:$C$8,$I20,M$3:M$8)+SUMIF($C$9:$C$14,$I20,M$9:M$14)/2 | N20: =SUMIF($C$3:$C$8,$I20,N$3:N$8)+SUMIF($C$9:$C$14,$I20,N$9:N$14)/2 | O20: =SUMIF($C$3:$C$8,$I20,O$3:O$8)+SUMIF($C$9:$C$14,$I20,O$9:O$14)/2 | V20: 冬被-整被 | W20: =SUM(AC6:AC8) | X20: =SUM(AD6:AD8) | Y20: =SUM(AE6:AE8) | Z20: =SUM(AF6:AF8) | AA20: =SUM(AG6:AG8) | AB20: =SUM(AH6:AH8) | AC20: =SUM(W20:AB20) | AI20: =4000*4 | AJ20: =4000*19
I21: 迦南 | J21: =SUMIF($C$3:$C$8,$I21,J$3:J$8)+SUMIF($C$9:$C$14,$I21,J$9:J$14)/2 | K21: =SUMIF($C$3:$C$8,$I21,K$3:K$8)+SUMIF($C$9:$C$14,$I21,K$9:K$14)/2 | L21: =SUMIF($C$3:$C$8,$I21,L$3:L$8)+SUMIF($C$9:$C$14,$I21,L$9:L$14)/2 | M21: =SUMIF($C$3:$C$8,$I21,M$3:M$8)+SUMIF($C$9:$C$14,$I21,M$9:M$14)/2 | N21: =SUMIF($C$3:$C$8,$I21,N$3:N$8)+SUMIF($C$9:$C$14,$I21,N$9:N$14)/2 | O21: =SUMIF($C$3:$C$8,$I21,O$3:O$8)+SUMIF($C$9:$C$14,$I21,O$9:O$14)/2 | V21: 排湿层 | W21: =SUM(AD9:AD11) | X21: =SUM(AE9:AE11) | Y21: =SUM(AF9:AF11) | Z21: =SUM(AG9:AG11) | AA21: =SUM(AH9:AH11) | AB21: =SUM(AI9:AI11) | AC21: =SUM(W21:AB21) | AI21: =AI20+AJ18+AJ19
I22: 合计 | J22: =SUM(J18:J21) | K22: =SUM(K18:K21) | L22: =SUM(L18:L21) | M22: =SUM(M18:M21) | N22: =SUM(N18:N21) | O22: =SUM(O18:O21) | V22: 四季被-单层 | W22: =SUM(AD12) | X22: =SUM(AE12) | Y22: =SUM(AF12) | Z22: =SUM(AG12) | AA22: =SUM(AH12) | AB22: =SUM(AI12) | AC22: =SUM(W22:AB22)
V23: 冬被-单层 | W23: =SUM(AD13:AD14) | X23: =SUM(AE13:AE14) | Y23: =SUM(AF13) | Z23: =SUM(AG13:AG14) | AA23: =SUM(AH13:AH14) | AB23: =SUM(AI13:AI14) | AC23: =SUM(W23:AB23)
W24: =SUM(W19:W23) | X24: =SUM(X19:X23) | Y24: =SUM(Y19:Y23) | Z24: =SUM(Z19:Z23) | AA24: =SUM(AA19:AA23) | AB24: =SUM(AB19:AB23) | AC24: =SUM(AC19:AC23)
I25: 产能max | J25: 10月 | K25: 11月 | L25: 12月 | M25: 1月
I26: 万青 | J26: 30802 | K26: =K18 | L26: 58000 | M26: =L26/3
I27: 优绵 | J27: =J19 | K27: =K19 | L27: =1800*28 | M27: =L27/3
I28: 东隆 | J28: =J20 | K28: 30000 | L28: 30000 | M28: =L28/3
I29: 迦南 | J29: 0 | K29: 10000 | L29: 15000 | M29: =L29/3
E31: 10月销售预测 | F31: 11月销售预测 | G31: 12月销售预测 | H31: 1月销售预测 | I31: 2月销售预测 | K31: 10月 | L31: 11月 | M31: 12月 | N31: 1月 | O31: 2月 | P31: 3月
D32: 四季被-整被 | E32: 35587 | F32: 44138 | G32: 41358 | H32: 36823 | I32: =H32*0.8 | J32: 四季被-整被 | K32: =SUM(J3:J5) | L32: =SUM(K3:K5) | M32: =SUM(L3:L5) | N32: =SUM(M3:M5) | O32: =SUM(N3:N5) | P32: =SUM(O3:O5)
D33: 冬被-整被 | E33: 33546 | F33: 51075 | G33: 46265 | H33: 36054 | I33: =H33*0.5 | J33: 冬被-整被 | K33: =SUM(J6:J8) | L33: =SUM(K6:K8) | M33: =SUM(L6:L8) | N33: =SUM(M6:M8) | O33: =SUM(N6:N8) | P33: =SUM(O6:O8)
J34: 排湿层 | K34: =SUM(J9:J11) | L34: =SUM(K9:K11) | M34: =SUM(L9:L11) | N34: =SUM(M9:M11) | O34: =SUM(N9:N11) | P34: =SUM(O9:O11)
J35: 四季被-单层 | K35: =SUM(J12) | L35: =SUM(K12) | M35: =SUM(L12) | N35: =SUM(M12) | O35: =SUM(N12) | P35: =SUM(O12)
J36: 冬被-单层 | K36: =SUM(J13:J14) | L36: =SUM(K13:K14) | M36: =SUM(L13:L14) | N36: =SUM(M13:M14) | O36: =SUM(N13:N14) | P36: =SUM(O13:O14)
K37: =SUM(K32:K36) | L37: =SUM(L32:L36) | M37: =SUM(M32:M36) | N37: =SUM(N32:N36) | O37: =SUM(O32:O36) | P37: =SUM(P32:P36)
B40: 优先冬被，四季被持续交货 | D40: 已接需求 | E40: 已下单 | F40: 待下单 | G40: 其他备料 | H40: 在途 | I40: 截止930交货 | J40: 10月 | K40: 11月 | L40: 12月 | M40: 1月 | N40: 2月 | O40: 3月 | P40: 产能爬坡
B41: 整被-四季被 | C41: 万青 | D41: =SUM(E41:G43) | E41: 152145 | F41: =28000-F43 | H41: 94907 | I41: 41500 | J41: 30372 | K41: 54000 | M41: 15000 | N41: =L3-M41 | P41: 1400-1800
C42: 优绵 | E42: 116119 | H42: 55424 | I42: 47643 | J42: 13052 | K42: / | L42: =H42-M42-N42 | M42: 15000 | N42: 5000 | P42: /
C43: 迦南 | F43: 28000 | K43: 8000 | L43: =15000 | M43: 5000 | R43: =L42
B44: 整被-冬被 | C44: 万青 | D44: =SUM(E44:E46)+SUM(G44)+SUM(F44:F46) | F44: 13000 | G44: 需要额外1.3w产能 | H44: 175070 | I44: 175070 | L44: 13000 | P44: 11/5 500 11/12 750 11/19 1000 11/26 1000 12/3 1000
C45: 优绵 | E45: 80000 | F45: 2880 | J45: 30000 | K45: 48000 | L45: =2000+4800*0.6 | P45: 10/18 1200 10/25 1500 11/5 1800 11/25 2000 | R45: =L45/0.65
C46: 东隆 | E46: 58070 | F46: 29120 | J46: 18000 | K46: =30070+10000 | L46: 22000 | M46: =10000-2880 | P46: 11月1w需要芜湖cover | R46: =(L48+L54)/2
B47: 排湿层单层 | C47: 万青 | D47: =SUM(E47:E49)+SUM(G47:G50) | E47: ='控温被PRO单层出货计划&生产数据'!#REF! | H47: 65000 | I47: 65000 | L47: 27500 | O47: =H47-L47
C48: 优绵 | E48: ='控温被PRO单层出货计划&生产数据'!E71 | G48: 10000 | K48: 2000 | L48: 25500
C49: 东隆
B50: 蓄热层-四季 | C50: 万青 | D50: =SUM(E50:E52) | E50: 14000 | H50: 14000 | I50: 14000 | L50: 14000 | O50: =H50-L50
C51: 优绵
C52: 东隆
B53: 蓄热层-冬季 | C53: 万青 | D53: =SUM(E53:E55) | E53: 0 | H53: 26000 | I53: 26000 | O53: =D53
C54: 优绵 | E54: 16000 | K54: 2000 | L54: 14000
C55: 东隆 | E55: 10000
D56: =SUM(D41:D55) | E56: =SUM(E41:E55) | F56: =SUM(F41:F55) | G56: =SUM(G41:G55) | H56: =SUM(H41:H55) | I56: =SUM(I41:I55) | J56: =SUM(J41:J55) | K56: =SUM(K41:K55) | ... M56: =SUM(M41:M55)
B58: 优先冬被，优先整被 | D58: 已接需求 | E58: 已下单 | F58: 待下单 | G58: 其他备料 | H58: 在途 | I58: 截止930交货 | J58: 10月 | K58: 11月 | L58: 12月 | M58: 1月 | N58: 2月 | O58: 3月 | P58: 产能爬坡
B59: 整被-四季被 | C59: 万青 | D59: =SUM(E59:G61) | E59: 152145 | F59: =28000-F61 | H59: 94907 | I59: 41500 | J59: 30372 | K59: 54000 | L59: 20750 | M59: =15000-9477 | N59: =E59-SUM(I59:M59) | P59: 1400-1800
C60: 优绵 | E60: 116119 | H60: 55424 | I60: 47643 | J60: 13052 | K60: / | L60: =H60-M60-N60 | M60: 15000 | P60: /
C61: 迦南 | F61: 28000 | K61: 8000 | L61: =15000 | M61: 5000
B62: 整被-冬被 | C62: 万青 | D62: =SUM(E62:E64)+SUM(G62)+SUM(F62:F64) | F62: 13000 | G62: 需要额外1.3w产能 | H62: 175070 | I62: 175070 | L62: 13000 | P62: 11/5 500 11/12 750 11/19 1000 11/26 1000 12/3 1000
C63: 优绵 | E63: 80000 | F63: 2880 | J63: 30000 | K63: 48000 | L63: =2000+4800*0.6+7120 | P63: 10/18 1200 10/25 1500 11/5 1800 11/25 2000
C64: 东隆 | E64: 58070 | F64: 29120 | J64: 18000 | K64: =30070+10000 | L64: 22000 | P64: 11月1w需要芜湖cover
B65: 排湿层单层 | C65: 万青 | D65: =SUM(E65:E67)+SUM(G65:G68) | E65: ='控温被PRO单层出货计划&生产数据'!E79 | H65: 65000 | I65: 65000 | O65: =H65-K66
C66: 优绵 | E66: ='控温被PRO单层出货计划&生产数据'!E89 | G66: 10000 | K66: 2000
C67: 东隆
B68: 蓄热层-四季 | C68: 万青 | D68: =SUM(E68:E70) | E68: 14000 | H68: 14000 | I68: 14000 | O68: =H68-L68
C69: 优绵
C70: 东隆
B71: 蓄热层-冬季 | C71: 万青 | D71: =SUM(E71:E73) | E71: 0 | H71: 26000 | I71: 26000 | O71: =D71-K72
C72: 优绵 | E72: 16000 | K72: 2000
C73: 东隆 | E73: 10000
D74: =SUM(D59:D73) | E74: =SUM(E59:E73) | F74: =SUM(F59:F73) | G74: =SUM(G59:G73) | H74: =SUM(H59:H73) | I74: =SUM(I59:I73) | J74: =SUM(J59:J73) | K74: =SUM(K59:K73) | ... M74: =SUM(M59:M73)
D75: 10月销售预测 | E75: 11月销售预测 | F75: 12月销售预测 | G75: 1月销售预测 | H75: 2月销售预测 | J75: 10月 | K75: 11月 | L75: 12月 | M75: 1月 | N75: 2月 | O75: 3月
C76: 四季被-整被 | D76: 35587 | E76: 44138 | F76: 41358 | G76: 36823 | H76: =G76*0.8 | I76: 四季被-整被 | J76: =SUM(J41:J43) | K76: =SUM(K41:K43) | L76: =SUM(L41:L43) | M76: =SUM(M41:M43) | N76: =SUM(N41:N43)
C77: 冬被-整被 | D77: 33546 | E77: 51075 | F77: 46265 | G77: 36054 | H77: =G77*0.5 | I77: 冬被-整被 | J77: =SUM(J44:J46) | K77: =SUM(K44:K46) | L77: =SUM(L44:L46) | M77: =SUM(M44:M46) | N77: =SUM(N44:N46)
I78: 排湿层 | J78: =SUM(J47:J49) | K78: =SUM(K47:K49) | L78: =SUM(L47:L49) | M78: =SUM(M47:M49) | N78: =SUM(N47:N49)
I79: 四季被-单层 | J79: =SUM(J50:J52) | K79: =SUM(K50:K52) | L79: =SUM(L50:L52) | M79: =SUM(M50:M52) | N79: =SUM(N50:N52)
I80: 冬被-单层 | J80: =SUM(J53:J55) | K80: =SUM(K53:K55) | L80: =SUM(L53:L55) | M80: =SUM(M53:M55) | N80: =SUM(N53:N55)
J82: 10月 | K82: 11月 | L82: 12月 | M82: 1月 | N82: 2月 | O82: 3月
I83: 四季被-整被 | J83: =SUM(J59:J61) | K83: =SUM(K59:K61) | L83: =SUM(L59:L61) | M83: =SUM(M59:M61) | N83: =SUM(N59:N61) | O83: =SUM(O59:O61)
I84: 冬被-整被 | J84: =SUM(J62:J64) | K84: =SUM(K62:K64) | L84: =SUM(L62:L64) | M84: =SUM(M62:M64) | N84: =SUM(N62:N64) | O84: =SUM(O62:O64)
I85: 排湿层 | J85: =SUM(J65:J67) | K85: =SUM(K65:K67) | L85: =SUM(L65:L67) | M85: =SUM(M65:M67) | N85: =SUM(N65:N67) | O85: =SUM(O65:O67)
I86: 四季被-单层 | J86: =SUM(J68:J70) | K86: =SUM(K68:K70) | L86: =SUM(L68:L70) | M86: =SUM(M68:M70) | N86: =SUM(N68:N70) | O86: =SUM(O68:O70)
I87: 冬被-单层 | J87: =SUM(J71:J73) | K87: =SUM(K71:K73) | L87: =SUM(L71:L73) | M87: =SUM(M71:M73) | N87: =SUM(N71:N73) | O87: =SUM(O71:O73)

Sheet 控温被PRO单层出货计划&生产数据
A1: 名称 | B1: SKU | C1: 颜色 | D1: 尺寸 | E1: 订单总数 | F1: 已入库 | G1: 未入库 | H1: 45627 | I1: 45628 | J1: 45629 | K1: 45630 | L1: 45631 | M1: 45632 | N1: 45633 | O1: 45634 | P1: 45635 | Q1: 45636 | R1: 45637 | S1: 45638 | T1: 45639 | U1: 45640 | V1: 45641 | W1: 45642 | X1: 45643 | Y1: 45644 | Z1: 45645 | AA1: 45646 | AB1: 45647 | AC1: 45648 | AD1: 45649 | AE1: 45650 | AF1: 45651 | AG1: 45652 | AH1: 45653 | AI1: 45654 | AJ1: 45655 | AK1: 45656 | AL1: 45657
A2: 亚朵星球 深睡控温被PRO 排湿层 | B2: 010020103030019-001 | C2: 淡蓝【搭配深空蓝】 | D2: 150*200cm | E2: =E13+E23 | H2: =M13+I23 | I2: =N13+J23 | J2: =O13+K23 | K2: =P13+L23 | L2: =Q13+M23 | M2: =R13+N23 | N2: =S13+O23 | O2: =T13+P23 | ... AL2: =AQ13+AM23
B3: 010020103030019-002 | D3: 200*230cm | E3: =E14+E24 | H3: =M14+I24 | I3: =N14+J24 | J3: =O14+K24 | K3: =P14+L24 | L3: =Q14+M24 | M3: =R14+N24 | N3: =S14+O24 | O3: =T14+P24 | ... AL3: =AQ14+AM24
B4: 010020103030019-003 | D4: 220*240cm | E4: =E15+E25 | H4: =M15+I25 | I4: =N15+J25 | J4: =O15+K25 | K4: =P15+L25 | L4: =Q15+M25 | M4: =R15+N25 | N4: =S15+O25 | O4: =T15+P25 | ... AL4: =AQ15+AM25
B5: 010020103030019-004 | C5: 浅米【搭配黎明灰 &朦胧黄】 | D5: 150*200cm | E5: =E16+E26 | H5: =M16+I26 | I5: =N16+J26 | J5: =O16+K26 | K5: =P16+L26 | L5: =Q16+M26 | M5: =R16+N26 | N5: =S16+O26 | O5: =T16+P26 | ... AL5: =AQ16+AM26
B6: 010020103030019-005 | D6: 200*230cm | E6: =E17+E27 | H6: =M17+I27 | I6: =N17+J27 | J6: =O17+K27 | K6: =P17+L27 | L6: =Q17+M27 | M6: =R17+N27 | N6: =S17+O27 | O6: =T17+P27 | ... AL6: =AQ17+AM27
B7: 010020103030019-006 | D7: 220*240cm | E7: =E18+E28 | H7: =M18+I28 | I7: =N18+J28 | J7: =O18+K28 | K7: =P18+L28 | L7: =Q18+M28 | M7: =R18+N28 | N7: =S18+O28 | O7: =T18+P28 | ... AL7: =AQ18+AM28
B8: 计划到货 | E8: =SUM(E2:E7) | H8: =SUM(H2:H7) | I8: =SUM(I2:I7) | J8: =SUM(J2:J7) | K8: =SUM(K2:K7) | L8: =SUM(L2:L7) | M8: =SUM(M2:M7) | N8: =SUM(N2:N7) | O8: =SUM(O2:O7) | ... AL8: =SUM(AL2:AL7)
L9: 华南仓
A11: 名称 | B11: SKU | C11: 颜色 | D11: 尺寸 | E11: 万青 | F11: 已入库 | G11: 未入库
E12: 首单 | H12: 45627 | I12: 45628 | J12: 45629 | K12: 45630 | L12: 45631 | M12: 45632 | N12: 45633 | O12: 45634 | P12: 45635 | Q12: 45636 | R12: 45637 | S12: 45638 | T12: 45639 | U12: 45640 | V12: 45641 | W12: 45642 | X12: 45643 | Y12: 45644 | Z12: 45645 | AA12: 45646 | AB12: 45647 | AC12: 45648 | AD12: 45649 | AE12: 45650 | AF12: 45651 | AG12: 45652 | AH12: 45653 | AI12: 45654 | AJ12: 45655 | AK12: 45656 | AL12: 45657
A13: 亚朵星球 深睡控温被PRO 排湿层 | B13: 010020103030019-001 | C13: 淡蓝 【搭配深空蓝】 | D13: 150*200cm | E13: 2475 | G13: =E13-F13 | L13: 450 | Q13: 450 | V13: 450 | AA13: 450 | AF13: 450 | AL13: 225
B14: 010020103030019-002 | D14: 200*230cm | E14: 6850 | G14: =E14-F14 | L14: 1300 | Q14: 1300 | V14: 1200 | AA14: 1200 | AF14: 1250 | AL14: 600
B15: 010020103030019-003 | D15: 220*240cm | E15: 3075 | G15: =E15-F15 | L15: 600 | Q15: 600 | V15: 450 | AA15: 550 | AF15: 550 | AL15: 325
B16: 010020103030019-004 | C16: 浅米 【搭配黎明灰 &朦胧黄】 | D16: 150*200cm | E16: 3000 | G16: =E16-F16 | L16: 500 | Q16: 500 | V16: 650 | AA16: 550 | AF16: 550 | AL16: 250
B17: 010020103030019-005 | D17: 200*230cm | E17: 8325 | G17: =E17-F17 | L17: 1500 | Q17: 1500 | V17: 1500 | AA17: 1550 | AF17: 1525 | AL17: 750
B18: 010020103030019-006 | D18: 220*240cm | E18: 3775 | G18: =E18-F18 | L18: 650 | Q18: 650 | V18: 750 | AA18: 700 | AF18: 675 | AL18: 350
C19: 合计 | E19: 27500 | G19: =SUM(G13:G18) | L19: =SUM(L13:L18) | M19: =SUM(M13:M18) | N19: =SUM(N13:N18) | O19: =SUM(O13:O18) | P19: =SUM(P13:P18) | Q19: =SUM(Q13:Q18) | R19: =SUM(R13:R18) | S19: =SUM(S13:S18) | ... AL19: =SUM(AL13:AL18)
A21: 名称 | B21: SKU | C21: 颜色 | D21: 尺寸 | E21: 优绵 | F21: 已入库 | G21: 未入库
E22: 首单 | H22: 45627 | I22: 45628 | J22: 45629 | K22: 45630 | L22: 45631 | M22: 45632 | N22: 45633 | O22: 45634 | P22: 45635 | Q22: 45636 | R22: 45637 | S22: 45638 | T22: 45639 | U22: 45640 | V22: 45641 | W22: 45642 | X22: 45643 | Y22: 45644 | Z22: 45645 | AA22: 45646 | AB22: 45647 | AC22: 45648 | AD22: 45649 | AE22: 45650 | AF22: 45651 | AG22: 45652 | AH22: 45653 | AI22: 45654 | AJ22: 45655 | AK22: 45656 | AL22: 45657
A23: 亚朵星球 深睡控温被PRO 排湿层 | B23: 010020103030019-001 | C23: 淡蓝 【搭配深空蓝】 | D23: 150*200cm | E23: 2475 | L23: 1000 | O23: 852
B24: 010020103030019-002 | D24: 200*230cm | E24: 6850 | L24: 1500 | O24: 1000 | R24: 1826
B25: 010020103030019-003 | D25: 220*240cm | E25: 3075 | L25: 500 | O25: 1000 | R25: 922
B26: 010020103030019-004 | C26: 浅米 【搭配黎明灰 &朦胧黄】 | D26: 150*200cm | E26: 3000 | L26: 200 | O26: 500 | R26: 468
B27: 010020103030019-005 | D27: 200*230cm | E27: 8325 | L27: 1000 | O27: 1290 | R27: 423
B28: 010020103030019-006 | D28: 220*240cm | E28: 3775 | L28: 200 | O28: 700 | R28: 619
C29: 合计 | E29: 27500 | L29: =SUM(L23:L28) | M29: =SUM(M23:M28) | N29: =SUM(N23:N28) | O29: =SUM(O23:O28) | P29: =SUM(P23:P28) | Q29: =SUM(Q23:Q28) | R29: =SUM(R23:R28)
A37: 名称 | B37: 颜色 | C37: 尺寸 | D37: 下单占比 | E37: 优绵 | F37: 首单
F38: 合计 | G38: 45606 | H38: 45631 | I38: 45634 | J38: 45637
A39: 深睡控温冬被PRO-蓄热层 | B39: 远山蓝 | C39: 150*200cm | D39: 0.1364 | E39: 2182.4 | F39: 2182.4 | G39: 330 | H39: 1000 | I39: 852
C40: 200*230cm | D40: 0.31 | E40: 4960 | F40: 4960 | G40: 634 | H40: 1500 | I40: 1000 | J40: 1826
C41: 220*240cm | D41: 0.1736 | E41: 2777.6 | F41: 2777.6 | G41: 356 | H41: 500 | I41: 1000 | J41: 922
B42: 雾凇粉 | C42: 150*200cm | D42: 0.0616 | E42: 985.6 | F42: 985.6 | G42: 130 | H42: 200 | I42: 400 | J42: 256
C43: 200*230cm | D43: 0.14 | E43: 2240 | F43: 2240 | G43: 250 | H43: 1000 | I43: 990
C44: 220*240cm | D44: 0.0784 | E44: 1254.4 | F44: 1254.4 | G44: 140 | H44: 200 | I44: 500 | J44: 414
B45: 云朵白 | C45: 150*200cm | D45: 0.022 | E45: 352 | F45: 352 | G45: 40 | I45: 100 | J45: 212
C46: 200*230cm | D46: 0.05 | E46: 800 | F46: 800 | G46: 77 | I46: 300 | J46: 423
C47: 220*240cm | D47: 0.028 | E47: 448 | F47: 448 | G47: 43 | I47: 200 | J47: 205
B48: 合计 | D48: 1 | E48: 16000 | F48: 16000 | G48: 6153.8462 | H48: 6153.8462 | I48: 3692.3077 | J48: 3693.3077
A50: 名称 | B50: 颜色 | C50: 尺寸 | D50: 下单占比 | E50: 东隆 | F50: 首单
F51: 合计 | G51: 45575 | H51: 45590 | I51: 45606
A52: 深睡控温冬被PRO-蓄热层 | B52: 远山蓝 | C52: 150*200cm | D52: 0.1364 | E52: 1364 | F52: 1364 | G52: 524.61538 | H52: 524.61538 | I52: 314.76923
C53: 200*230cm | D53: 0.31 | E53: 3100 | F53: 3100 | G53: 1192.3077 | H53: 1192.3077 | I53: 715.38462
C54: 220*240cm | D54: 0.1736 | E54: 1736 | F54: 1736 | G54: 667.69231 | H54: 667.69231 | I54: 400.61538
B55: 雾凇粉 | C55: 150*200cm | D55: 0.0616 | E55: 616 | F55: 616 | G55: 236.92308 | H55: 236.92308 | I55: 142.15385
C56: 200*230cm | D56: 0.14 | E56: 1400 | F56: 1400 | G56: 538.46154 | H56: 538.46154 | I56: 323.07692
C57: 220*240cm | D57: 0.0784 | E57: 784 | F57: 784 | G57: 301.53846 | H57: 301.53846 | I57: 180.92308
B58: 云朵白 | C58: 150*200cm | D58: 0.022 | E58: 220 | F58: 220 | G58: 84.615385 | H58: 84.615385 | I58: 50.769231
C59: 200*230cm | D59: 0.05 | E59: 500 | F59: 500 | G59: 192.30769 | H59: 192.30769 | I59: 115.38462
C60: 220*240cm | D60: 0.028 | E60: 280 | F60: 280 | G60: 107.69231 | H60: 107.69231 | I60: 64.615385
B61: 合计 | D61: 1 | E61: 10000 | F61: 10000 | G61: 3846.1538 | H61: 3846.1538 | I61: 2307.6923

Sheet 迁移数据
A1: 优绵整被 | B1: 1.更新每日成品数量 2.第3行请注明对应生产批次（例如7/22-7/27生产7/30到货，那就填写7/30批次） | C1: 0 | D1: 0 | E1: 0 | F1: 0 | G1: 0 | H1: 0 | I1: 0 | J1: 0 | K1: 0 | L1: 0 | M1: 0 | N1: 0 | O1: 0 | P1: 0 | Q1: 0 | R1: 0 | S1: 0 | T1: 0 | U1: 0 | V1: 0 | W1: 0 | X1: 0 | Y1: 0 | Z1: 0 | AA1: 0 | AB1: 0 | AC1: 0 | AD1: 0 | AE1: 0 | AF1: 0 | AG1: 0 | AH1: 0 | AI1: 0 | AJ1: 0 | AK1: 0 | AL1: 0 | AM1: 0 | AN1: 0 | AO1: 0 | AP1: 0 | AQ1: 0 | AR1: 0 | AS1: 0 | AT1: 0 | AU1: 0 | AV1: 0 | AW1: 0 | AX1: 0 | AY1: 0 | AZ1: 0 | BA1: 0 | BB1: 0 | BC1: 0 | BD1: 0 | BE1: 0 | BF1: 0 | BG1: 0 | BH1: 0 | BI1: 0 | BJ1: 0 | BK1: 0 | BL1: 0 | BM1: 0 | BN1: 0 | BO1: 0 | BP1: 0 | BQ1: 0 | BR1: 0 | BS1: 0 | BT1: 0 | BU1: 0 | BV1: 0 | BW1: 0 | BX1: 0 | BY1: 0 | BZ1: 0 | CA1: 0 | CB1: 0 | CC1: 0 | CD1: 0 | CE1: 0 | CF1: 0 | CG1: 0 | CH1: 0 | CI1: 0 | CJ1: 0 | CK1: 0 | CL1: 0 | CM1: 0 | CN1: 0 | CO1: 0 | CP1: 0 | CQ1: 0 | CR1: 0 | CS1: 0 | CT1: 0 | CU1: 0 | CV1: 0 | CW1: 0 | CX1: 0 | CY1: 0 | CZ1: 0 | DA1: 0 | DB1: 0 | DC1: 0 | DD1: 0 | DE1: 0 | DF1: 0 | DG1: 0 | DH1: 0 | DI1: 0 | DJ1: 0 | DK1: 0 | DL1: 0 | DM1: 0 | DN1: 0 | DO1: 0 | DP1: 0 | DQ1: 0 | DR1: 0 | DS1: 0 | DT1: 0 | DU1: 0 | DV1: 0 | DW1: 0 | DX1: 0 | DY1: 0 | DZ1: 0 | EA1: 0 | EB1: 0 | EC1: 0 | ED1: 0 | EE1: 0 | EF1: 0 | EG1: 0 | EH1: 0 | EI1: 0 | EJ1: 0 | EK1: 0 | EL1: 0 | EM1: 0 | EN1: 0 | EO1: 0 | EP1: 0 | EQ1: 0 | ER1: 0 | ES1: 0 | ET1: 0 | EU1: 0 | EV1: 0 | EW1: 0 | EX1: 0 | EY1: 0 | EZ1: 0 | FA1: 0 | FB1: 0 | FC1: 0 | FD1: 0 | FE1: 0 | FF1: 0 | FG1: 0 | FH1: 0 | FI1: 0 | FJ1: 0 | FK1: 0 | FL1: 0 | FM1: 0 | FN1: 0 | FO1: 0 | FP1: 0 | FQ1: 0 | FR1: 0 | FS1: 0 | FT1: 0 | FU1: 0 | FV1: 0 | FW1: 0 | FX1: 0 | FY1: 0 | FZ1: 0 | GA1: 0 | GB1: 0 | GC1: 0 | GD1: 0 | GE1: 0 | GF1: 0 | GG1: 0 | GH1: 0 | GI1: 0 | GJ1: 0 | GK1: 0 | GL1: 0 | GM1: 0 | GN1: 0 | GO1: 0 | GP1: 0 | GQ1: 0 | GR1: 0 | GS1: 0 | GT1: 0 | GU1: 0 | GV1: 0 | GW1: 0 | GX1: 0 | GY1: 0 | GZ1: 0 | HA1: 0 | HB1: 0 | HC1: 0 | HD1: 0 | HE1: 0 | HF1: 0 | HG1: 0 | HH1: 0 | HI1: 0 | HJ1: 0 | HK1: 0 | HL1: 0 | HM1: 0 | HN1: 0 | HO1: 0 | HP1: 0 | HQ1: 0 | HR1: 0 | HS1: 0 | HT1: 0 | HU1: 0 | HV1: 0 | HW1: 0 | HX1: 0 | HY1: 0 | HZ1: 0 | IA1: 0 | IB1: 0 | IC1: 0 | ID1: 0 | IE1: 0 | IF1: 0 | IG1: 0 | IH1: 0 | II1: 0 | IJ1: 0 | IK1: 0 | IL1: 0 | IM1: 0 | IN1: 0 | IO1: 0 | IP1: 0 | IQ1: 0 | IR1: 0 | IS1: 0 | IT1: 0 | IU1: 0 | IV1: 0 | IW1: 0 | IX1: 0 | IY1: 0 | IZ1: 0 | JA1: 0 | JB1: 0 | JC1: 0 | JD1: 0 | JE1: 0 | JF1: 0 | JG1: 0 | JH1: 0 | JI1: 0 | JJ1: 0 | JK1: 0 | JL1: 0 | JM1: 0 | JN1: 0 | JO1: 0 | JP1: 0 | JQ1: 0 | JR1: 0 | JS1: 0 | JT1: 0 | JU1: 0 | JV1: 0 | JW1: 0 | JX1: 0 | JY1: 0 | JZ1: 0 | KA1: 0 | KB1: 0 | KC1: 0 | KD1: 0 | KE1: 0 | KF1: 0 | KG1: 0 | KH1: 0 | KI1: 0 | KJ1: 0 | KK1: 0 | KL1: 0 | KM1: 0 | KN1: 0 | KO1: 0 | KP1: 0 | KQ1: 0 | KR1: 0 | KS1: 0 | KT1: 0 | KU1: 0 | KV1: 0 | KW1: 0 | KX1: 0 | KY1: 0 | KZ1: 0 | LA1: 0 | LB1: 0 | LC1: 0 | LD1: 0 | LE1: 0 | LF1: 0 | LG1: 0 | LH1: 0 | LI1: 0 | LJ1: 0 | LK1: 0 | LL1: 0 | LM1: 0 | LN1: 0 | LO1: 0 | LP1: 0 | LQ1: 0 | LR1: 0 | LS1: 0 | LT1: 0 | LU1: 0 | LV1: 0 | LW1: 0 | LX1: 0 | LY1: 0 | LZ1: 0 | MA1: 0 | MB1: 0 | MC1: 0 | MD1: 0 | ME1: 0 | MF1: 0 | MG1: 0 | MH1: 0 | MI1: 0 | MJ1: 0 | MK1: 0 | ML1: 0 | MM1: 0 | MN1: 0 | MO1: 0 | MP1: 0 | MQ1: 0 | MR1: 0 | MS1: 0 | MT1: 0 | MU1: 0 | MV1: 0 | MW1: 0 | MX1: 0 | MY1: 0 | MZ1: 0 | NA1: 0 | NB1: 0 | NC1: 0 | ND1: 0 | NE1: 0 | NF1: 0 | NG1: 0 | NH1: 0 | NI1: 0 | NJ1: 0 | NK1: 0 | NL1: 0 | NM1: 0 | NN1: 0 | NO1: 0 | NP1: 0 | NQ1: 0 | NR1: 0 | NS1: 0 | NT1: 0 | NU1: 0 | NV1: 0 | NW1: 0 | NX1: 0 | NY1: 0 | NZ1: 0 | OA1: 0 | OB1: 0 | OC1: 0 | OD1: 0 | OE1: 0 | OF1: 0 | OG1: 0 | OH1: 0 | OI1: 0 | OJ1: 0 | OK1: 0 | OL1: 0 | OM1: 0 | ON1: 0 | OO1: 0 | OP1: 0 | OQ1: 0 | OR1: 0 | OS1: 0 | OT1: 0 | OU1: 0 | OV1: 0 | OW1: 0 | OX1: 0 | OY1: 0 | OZ1: 0 | PA1: 0 | PB1: 0 | PC1: 0 | PD1: 0 | PE1: 0 | PF1: 0 | PG1: 0 | PH1: 0 | PI1: 0 | PJ1: 0 | PK1: 0 | PL1: 0 | PM1: 0 | PN1: 0 | PO1: 0 | PP1: 0 | PQ1: 0 | PR1: 0 | PS1: 0 | PT1: 0 | PU1: 0 | PV1: 0 | PW1: 0 | PX1: 0 | PY1: 0 | PZ1: 0 | QA1: 0 | QB1: 0 | QC1: 0 | QD1: 0 | QE1: 0 | QF1: 0 | QG1: 0 | QH1: 0 | QI1: 0 | QJ1: 0 | QK1: 0 | QL1: 0 | QM1: 0 | QN1: 0 | QO1: 0 | QP1: 0 | QQ1: 0 | QR1: 0 | QS1: 0 | QT1: 0 | QU1: 0 | QV1: 0 | QW1: 0 | QX1: 0 | QY1: 0 | QZ1: 0 | RA1: 0 | RB1: 0 | RC1: 0 | RD1: 0 | RE1: 0 | RF1: 0 | RG1: 0 | RH1: 0 | RI1: 0 | RJ1: 0 | RK1: 0 | RL1: 0 | RM1: 0 | RN1: 0 | RO1: 0 | RP1: 0 | RQ1: 0 | RR1: 0 | RS1: 0 | RT1: 0 | RU1: 0 | RV1: 0 | RW1: 0 | RX1: 0 | RY1: 0 | RZ1: 0 | SA1: 0 | SB1: 0 | SC1: 0 | SD1: 0 | SE1: 0 | SF1: 0
B2: 名称 | C2: SKU | D2: 颜色 | E2: 尺寸 | F2: 45495 | G2: 45496 | H2: 45497 | I2: 45498 | J2: 45499 | K2: 45500 | L2: 45501 | M2: 45502 | N2: 45503 | O2: 45504 | P2: 45505 | Q2: 45506 | R2: 45507 | S2: 45508 | T2: 45509 | U2: 45510 | V2: 45511 | W2: 45512 | X2: 45513 | Y2: 45514 | Z2: 45515 | AA2: 45516 | AB2: 45517 | AC2: 45518 | AD2: 45519 | AE2: 45520 | AF2: 45521 | AG2: 45522 | AH2: 45523 | AI2: 45524 | AJ2: 45525 | AK2: 45526 | AL2: 45527 | AM2: 45528 | AN2: 45529 | AO2: 45530 | AP2: 45531 | AQ2: 45532 | AR2: 45533 | AS2: 45534 | AT2: 45535 | AU2: 45536 | AV2: 45537 | AW2: 45538 | AX2: 45539 | AY2: 45540 | AZ2: 45541 | BA2: 45542 | BB2: 45543 | BC2: 45544 | BD2: 45545 | BE2: 45546 | BF2: 45547 | BG2: 45548 | BH2: 45549 | BI2: 45550 | BJ2: 45551 | BK2: 45552 | BL2: 45553 | BM2: 45554 | BN2: 45555 | BO2: 45556 | BP2: 45557 | BQ2: 45558 | BR2: 45559 | BS2: 45560 | BT2: 45561 | BU2: 45562 | BV2: 45563 | BW2: 45564 | BX2: 45565 | BY2: 45566 | BZ2: 45567 | CA2: 45568 | CB2: 45569 | CC2: 45570 | CD2: 45571 | CE2: 45572 | CF2: 45573 | CG2: 45574 | CH2: 45575 | CI2: 45576 | CJ2: 45577 | CK2: 45578 | CL2: 45579 | CM2: 45580 | CN2: 45581 | CO2: 45582 | CP2: 45583 | CQ2: 45584 | CR2: 45585 | CS2: 45586 | CT2: 45587 | CU2: 45588 | CV2: 45589 | CW2: 45590 | CX2: 45591 | CY2: 45592 | CZ2: 45593 | DA2: 45594 | DB2: 45595 | DC2: 45596 | DD2: 45597 | DE2: 45598 | DF2: 0 | DG2: 0 | DH2: 0 | DI2: 0 | DJ2: 0 | DK2: 0 | DL2: 0 | DM2: 0 | DN2: 0 | DO2: 0 | DP2: 0 | DQ2: 0 | DR2: 0 | DS2: 0 | DT2: 0 | DU2: 0 | DV2: 0 | DW2: 0 | DX2: 0 | DY2: 0 | DZ2: 0 | EA2: 0 | EB2: 0 | EC2: 0 | ED2: 0 | EE2: 0 | EF2: 0 | EG2: 0 | EH2: 0 | EI2: 0 | EJ2: 0 | EK2: 0 | EL2: 0 | EM2: 0 | EN2: 0 | EO2: 0 | EP2: 0 | EQ2: 0 | ER2: 0 | ES2: 0 | ET2: 0 | EU2: 0 | EV2: 0 | EW2: 0 | EX2: 0 | EY2: 0 | EZ2: 0 | FA2: 0 | FB2: 0 | FC2: 0 | FD2: 0 | FE2: 0 | FF2: 0 | FG2: 0 | FH2: 0 | FI2: 0 | FJ2: 0 | FK2: 0 | FL2: 0 | FM2: 0 | FN2: 0 | FO2: 0 | FP2: 0 | FQ2: 0 | FR2: 0 | FS2: 0 | FT2: 0 | FU2: 0 | FV2: 0 | FW2: 0 | FX2: 0 | FY2: 0 | FZ2: 0 | GA2: 0 | GB2: 0 | GC2: 0 | GD2: 0 | GE2: 0 | GF2: 0 | GG2: 0 | GH2: 0 | GI2: 0 | GJ2: 0 | GK2: 0 | GL2: 0 | GM2: 0 | GN2: 0 | GO2: 0 | GP2: 0 | GQ2: 0 | GR2: 0 | GS2: 0 | GT2: 0 | GU2: 0 | GV2: 0 | GW2: 0 | GX2: 0 | GY2: 0 | GZ2: 0 | HA2: 0 | HB2: 0 | HC2: 0 | HD2: 0 | HE2: 0 | HF2: 0 | HG2: 0 | HH2: 0 | HI2: 0 | HJ2: 0 | HK2: 0 | HL2: 0 | HM2: 0 | HN2: 0 | HO2: 0 | HP2: 0 | HQ2: 0 | HR2: 0 | HS2: 0 | HT2: 0 | HU2: 0 | HV2: 0 | HW2: 0 | HX2: 0 | HY2: 0 | HZ2: 0 | IA2: 0 | IB2: 0 | IC2: 0 | ID2: 0 | IE2: 0 | IF2: 0 | IG2: 0 | IH2: 0 | II2: 0 | IJ2: 0 | IK2: 0 | IL2: 0 | IM2: 0 | IN2: 0 | IO2: 0 | IP2: 0 | IQ2: 0 | IR2: 0 | IS2: 0 | IT2: 0 | IU2: 0 | IV2: 0 | IW2: 0 | IX2: 0 | IY2: 0 | IZ2: 0 | JA2: 0 | JB2: 0 | JC2: 0 | JD2: 0 | JE2: 0 | JF2: 0 | JG2: 0 | JH2: 0 | JI2: 0 | JJ2: 0 | JK2: 0 | JL2: 0 | JM2: 0 | JN2: 0 | JO2: 0 | JP2: 0 | JQ2: 0 | JR2: 0 | JS2: 0 | JT2: 0 | JU2: 0 | JV2: 0 | JW2: 0 | JX2: 0 | JY2: 0 | JZ2: 0 | KA2: 0 | KB2: 0 | KC2: 0 | KD2: 0 | KE2: 0 | KF2: 0 | KG2: 0 | KH2: 0 | KI2: 0 | KJ2: 0 | KK2: 0 | KL2: 0 | KM2: 0 | KN2: 0 | KO2: 0 | KP2: 0 | KQ2: 0 | KR2: 0 | KS2: 0 | KT2: 0 | KU2: 0 | KV2: 0 | KW2: 0 | KX2: 0 | KY2: 0 | KZ2: 0 | LA2: 0 | LB2: 0 | LC2: 0 | LD2: 0 | LE2: 0 | LF2: 0 | LG2: 0 | LH2: 0 | LI2: 0 | LJ2: 0 | LK2: 0 | LL2: 0 | LM2: 0 | LN2: 0 | LO2: 0 | LP2: 0 | LQ2: 0 | LR2: 0 | LS2: 0 | LT2: 0 | LU2: 0 | LV2: 0 | LW2: 0 | LX2: 0 | LY2: 0 | LZ2: 0 | MA2: 0 | MB2: 0 | MC2: 0 | MD2: 0 | ME2: 0 | MF2: 0 | MG2: 0 | MH2: 0 | MI2: 0 | MJ2: 0 | MK2: 0 | ML2: 0 | MM2: 0 | MN2: 0 | MO2: 0 | MP2: 0 | MQ2: 0 | MR2: 0 | MS2: 0 | MT2: 0 | MU2: 0 | MV2: 0 | MW2: 0 | MX2: 0 | MY2: 0 | MZ2: 0 | NA2: 0 | NB2: 0 | NC2: 0 | ND2: 0 | NE2: 0 | NF2: 0 | NG2: 0 | NH2: 0 | NI2: 0 | NJ2: 0 | NK2: 0 | NL2: 0 | NM2: 0 | NN2: 0 | NO2: 0 | NP2: 0 | NQ2: 0 | NR2: 0 | NS2: 0 | NT2: 0 | NU2: 0 | NV2: 0 | NW2: 0 | NX2: 0 | NY2: 0 | NZ2: 0 | OA2: 0 | OB2: 0 | OC2: 0 | OD2: 0 | OE2: 0 | OF2: 0 | OG2: 0 | OH2: 0 | OI2: 0 | OJ2: 0 | OK2: 0 | OL2: 0 | OM2: 0 | ON2: 0 | OO2: 0 | OP2: 0 | OQ2: 0 | OR2: 0 | OS2: 0 | OT2: 0 | OU2: 0 | OV2: 0 | OW2: 0 | OX2: 0 | OY2: 0 | OZ2: 0 | PA2: 0 | PB2: 0 | PC2: 0 | PD2: 0 | PE2: 0 | PF2: 0 | PG2: 0 | PH2: 0 | PI2: 0 | PJ2: 0 | PK2: 0 | PL2: 0 | PM2: 0 | PN2: 0 | PO2: 0 | PP2: 0 | PQ2: 0 | PR2: 0 | PS2: 0 | PT2: 0 | PU2: 0 | PV2: 0 | PW2: 0 | PX2: 0 | PY2: 0 | PZ2: 0 | QA2: 0 | QB2: 0 | QC2: 0 | QD2: 0 | QE2: 0 | QF2: 0 | QG2: 0 | QH2: 0 | QI2: 0 | QJ2: 0 | QK2: 0 | QL2: 0 | QM2: 0 | QN2: 0 | QO2: 0 | QP2: 0 | QQ2: 0 | QR2: 0 | QS2: 0 | QT2: 0 | QU2: 0 | QV2: 0 | QW2: 0 | QX2: 0 | QY2: 0 | QZ2: 0 | RA2: 0 | RB2: 0 | RC2: 0 | RD2: 0 | RE2: 0 | RF2: 0 | RG2: 0 | RH2: 0 | RI2: 0 | RJ2: 0 | RK2: 0 | RL2: 0 | RM2: 0 | RN2: 0 | RO2: 0 | RP2: 0 | RQ2: 0 | RR2: 0 | RS2: 0 | RT2: 0 | RU2: 0 | RV2: 0 | RW2: 0 | RX2: 0 | RY2: 0 | RZ2: 0 | SA2: 0 | SB2: 0 | SC2: 0 | SD2: 0 | SE2: 0 | SF2: 0
B3: 0 | C3: 0 | D3: 0 | E3: 对应到货批次 | F3: 0 | G3: 0 | H3: 0 | I3: 0 | J3: 7/29批次 | K3: 7/29批次 | L3: 8/5批次 | M3: 8/5批次 | N3: 8/5批次 | O3: 8/5批次 | P3: 8/5批次 | Q3: 8/5批次 | R3: 8/5批次 | S3: 8/5批次 | T3: 8/10批次 | U3: 8/10批次 | V3: 8/10批次 | W3: 8/10批次 | X3: 8/10批次 | Y3: 8/16批次 | Z3: 8/16批次 | AA3: 8/16批次 | AB3: 8/16批次 | AC3: 8/16批次 | AD3: 8/16批次 | AE3: 8/20批次 | AF3: 8/20批次 | AG3: 0 | AH3: 8/20批次 | AI3: 8/25批次 | AJ3: 8/25批次 | AK3: 8/25批次 | AL3: 8/25批次 | AM3: 8/25批次 | AN3: 8/30批次 | AO3: 8/30批次 | AP3: 8/30批次 | AQ3: 8/30批次 | AR3: 8/30批次 | AS3: 9/3批次 | AT3: 9/3批次 | AU3: 9/3批次 | AV3: 9/3批次 | AW3: 9/7批次 | AX3: 9/7批次 | AY3: 9/7批次 | AZ3: 9/7批次 | BA3: 9/11批次 | BB3: 9/11批次 | BC3: 9/11批次 | BD3: 9/11批次 | BE3: 9/15批次 | BF3: 9/15批次 | BG3: 9/15批次 | BH3: 9/15批次 | BI3: 9/20批次 | BJ3: 9/20批次 | BK3: 0 | BL3: 9/20批次 | BM3: 9/20批次 | BN3: 9/27批次 | BO3: 9/27批次 | BP3: 9/27批次 | BQ3: 9/27批次 | BR3: 9/27批次 | BS3: 9/27批次 | BT3: 9/27批次 | BU3: 9/30批次 | BV3: 9/30批次 | BW3: 10/10批次 | BX3: 10/10批次 | BY3: 0 | BZ3: 0 | CA3: 10/10批次 | CB3: 10/10批次 | CC3: 10/10批次 | CD3: 10/10批次 | CE3: 10/10批次 | CF3: 10/10批次 | CG3: 10/10批次 | CH3: 10/14批次 | CI3: 10/14批次 | CJ3: 10/14批次 | CK3: 10/14批次 | CL3: 10/18批次 | CM3: 10/18批次 | CN3: 10/18批次 | CO3: 10/18批次 | CP3: 0 | CQ3: 0 | CR3: 0 | CS3: 0 | CT3: 0 | CU3: 0 | CV3: 0 | CW3: 0 | CX3: 0 | CY3: 0 | CZ3: 0 | DA3: 0 | DB3: 0 | DC3: 0 | DD3: 0 | DE3: 0 | DF3: 0 | DG3: 0 | DH3: 0 | DI3: 0 | DJ3: 0 | DK3: 0 | DL3: 0 | DM3: 0 | DN3: 0 | DO3: 0 | DP3: 0 | DQ3: 0 | DR3: 0 | DS3: 0 | DT3: 0 | DU3: 0 | DV3: 0 | DW3: 0 | DX3: 0 | DY3: 0 | DZ3: 0 | EA3: 0 | EB3: 0 | EC3: 0 | ED3: 0 | EE3: 0 | EF3: 0 | EG3: 0 | EH3: 0 | EI3: 0 | EJ3: 0 | EK3: 0 | EL3: 0 | EM3: 0 | EN3: 0 | EO3: 0 | EP3: 0 | EQ3: 0 | ER3: 0 | ES3: 0 | ET3: 0 | EU3: 0 | EV3: 0 | EW3: 0 | EX3: 0 | EY3: 0 | EZ3: 0 | FA3: 0 | FB3: 0 | FC3: 0 | FD3: 0 | FE3: 0 | FF3: 0 | FG3: 0 | FH3: 0 | FI3: 0 | FJ3: 0 | FK3: 0 | FL3: 0 | FM3: 0 | FN3: 0 | FO3: 0 | FP3: 0 | FQ3: 0 | FR3: 0 | FS3: 0 | FT3: 0 | FU3: 0 | FV3: 0 | FW3: 0 | FX3: 0 | FY3: 0 | FZ3: 0 | GA3: 0 | GB3: 0 | GC3: 0 | GD3: 0 | GE3: 0 | GF3: 0 | GG3: 0 | GH3: 0 | GI3: 0 | GJ3: 0 | GK3: 0 | GL3: 0 | GM3: 0 | GN3: 0 | GO3: 0 | GP3: 0 | GQ3: 0 | GR3: 0 | GS3: 0 | GT3: 0 | GU3: 0 | GV3: 0 | GW3: 0 | GX3: 0 | GY3: 0 | GZ3: 0 | HA3: 0 | HB3: 0 | HC3: 0 | HD3: 0 | HE3: 0 | HF3: 0 | HG3: 0 | HH3: 0 | HI3: 0 | HJ3: 0 | HK3: 0 | HL3: 0 | HM3: 0 | HN3: 0 | HO3: 0 | HP3: 0 | HQ3: 0 | HR3: 0 | HS3: 0 | HT3: 0 | HU3: 0 | HV3: 0 | HW3: 0 | HX3: 0 | HY3: 0 | HZ3: 0 | IA3: 0 | IB3: 0 | IC3: 0 | ID3: 0 | IE3: 0 | IF3: 0 | IG3: 0 | IH3: 0 | II3: 0 | IJ3: 0 | IK3: 0 | IL3: 0 | IM3: 0 | IN3: 0 | IO3: 0 | IP3: 0 | IQ3: 0 | IR3: 0 | IS3: 0 | IT3: 0 | IU3: 0 | IV3: 0 | IW3: 0 | IX3: 0 | IY3: 0 | IZ3: 0 | JA3: 0 | JB3: 0 | JC3: 0 | JD3: 0 | JE3: 0 | JF3: 0 | JG3: 0 | JH3: 0 | JI3: 0 | JJ3: 0 | JK3: 0 | JL3: 0 | JM3: 0 | JN3: 0 | JO3: 0 | JP3: 0 | JQ3: 0 | JR3: 0 | JS3: 0 | JT3: 0 | JU3: 0 | JV3: 0 | JW3: 0 | JX3: 0 | JY3: 0 | JZ3: 0 | KA3: 0 | KB3: 0 | KC3: 0 | KD3: 0 | KE3: 0 | KF3: 0 | KG3: 0 | KH3: 0 | KI3: 0 | KJ3: 0 | KK3: 0 | KL3: 0 | KM3: 0 | KN3: 0 | KO3: 0 | KP3: 0 | KQ3: 0 | KR3: 0 | KS3: 0 | KT3: 0 | KU3: 0 | KV3: 0 | KW3: 0 | KX3: 0 | KY3: 0 | KZ3: 0 | LA3: 0 | LB3: 0 | LC3: 0 | LD3: 0 | LE3: 0 | LF3: 0 | LG3: 0 | LH3: 0 | LI3: 0 | LJ3: 0 | LK3: 0 | LL3: 0 | LM3: 0 | LN3: 0 | LO3: 0 | LP3: 0 | LQ3: 0 | LR3: 0 | LS3: 0 | LT3: 0 | LU3: 0 | LV3: 0 | LW3: 0 | LX3: 0 | LY3: 0 | LZ3: 0 | MA3: 0 | MB3: 0 | MC3: 0 | MD3: 0 | ME3: 0 | MF3: 0 | MG3: 0 | MH3: 0 | MI3: 0 | MJ3: 0 | MK3: 0 | ML3: 0 | MM3: 0 | MN3: 0 | MO3: 0 | MP3: 0 | MQ3: 0 | MR3: 0 | MS3: 0 | MT3: 0 | MU3: 0 | MV3: 0 | MW3: 0 | MX3: 0 | MY3: 0 | MZ3: 0 | NA3: 0 | NB3: 0 | NC3: 0 | ND3: 0 | NE3: 0 | NF3: 0 | NG3: 0 | NH3: 0 | NI3: 0 | NJ3: 0 | NK3: 0 | NL3: 0 | NM3: 0 | NN3: 0 | NO3: 0 | NP3: 0 | NQ3: 0 | NR3: 0 | NS3: 0 | NT3: 0 | NU3: 0 | NV3: 0 | NW3: 0 | NX3: 0 | NY3: 0 | NZ3: 0 | OA3: 0 | OB3: 0 | OC3: 0 | OD3: 0 | OE3: 0 | OF3: 0 | OG3: 0 | OH3: 0 | OI3: 0 | OJ3: 0 | OK3: 0 | OL3: 0 | OM3: 0 | ON3: 0 | OO3: 0 | OP3: 0 | OQ3: 0 | OR3: 0 | OS3: 0 | OT3: 0 | OU3: 0 | OV3: 0 | OW3: 0 | OX3: 0 | OY3: 0 | OZ3: 0 | PA3: 0 | PB3: 0 | PC3: 0 | PD3: 0 | PE3: 0 | PF3: 0 | PG3: 0 | PH3: 0 | PI3: 0 | PJ3: 0 | PK3: 0 | PL3: 0 | PM3: 0 | PN3: 0 | PO3: 0 | PP3: 0 | PQ3: 0 | PR3: 0 | PS3: 0 | PT3: 0 | PU3: 0 | PV3: 0 | PW3: 0 | PX3: 0 | PY3: 0 | PZ3: 0 | QA3: 0 | QB3: 0 | QC3: 0 | QD3: 0 | QE3: 0 | QF3: 0 | QG3: 0 | QH3: 0 | QI3: 0 | QJ3: 0 | QK3: 0 | QL3: 0 | QM3: 0 | QN3: 0 | QO3: 0 | QP3: 0 | QQ3: 0 | QR3: 0 | QS3: 0 | QT3: 0 | QU3: 0 | QV3: 0 | QW3: 0 | QX3: 0 | QY3: 0 | QZ3: 0 | RA3: 0 | RB3: 0 | RC3: 0 | RD3: 0 | RE3: 0 | RF3: 0 | RG3: 0 | RH3: 0 | RI3: 0 | RJ3: 0 | RK3: 0 | RL3: 0 | RM3: 0 | RN3: 0 | RO3: 0 | RP3: 0 | RQ3: 0 | RR3: 0 | RS3: 0 | RT3: 0 | RU3: 0 | RV3: 0 | RW3: 0 | RX3: 0 | RY3: 0 | RZ3: 0 | SA3: 0 | SB3: 0 | SC3: 0 | SD3: 0 | SE3: 0 | SF3: 0
B4: 亚朵星球 深睡控温被PRO·四季 | C4: 12800025601141516 | D4: 深空蓝 | E4: 150*200cm | F4: 0 | G4: 0 | H4: 0 | I4: 0 | J4: 0 | K4: 0 | L4: 0 | M4: 0 | N4: 0 | O4: 0 | P4: 0 | Q4: 0 | R4: 0 | S4: 0 | T4: 0 | U4: 0 | V4: 0 | W4: 0 | X4: 0 | Y4: 0 | Z4: 0 | AA4: 0 | AB4: 0 | AC4: 0 | AD4: 0 | AE4: 0 | AF4: 0 | AG4: 0 | AH4: 0 | AI4: 0 | AJ4: 0 | AK4: 39 | AL4: 83 | AM4: 93 | AN4: 96 | AO4: 55 | AP4: 131 | AQ4: 62 | AR4: 226 | AS4: 0 | AT4: 212 | AU4: 0 | AV4: 18 | AW4: 173 | AX4: 270 | AY4: 263 | AZ4: 328 | BA4: 304 | BB4: 52 | BC4: 60 | BD4: 52 | BE4: 8 | BF4: 0 | BG4: 318 | BH4: 491 | BI4: 75 | BJ4: 3 | BK4: 0 | BL4: 295 | BM4: 548 | BN4: 208 | BO4: 187 | BP4: 334 | BQ4: 54 | BR4: 587 | BS4: 321 | BT4: 260 | BU4: 191 | BV4: 3 | BW4: 0 | BX4: 29 | BY4: 0 | BZ4: 0 | CA4: 114 | CB4: 56 | CC4: 258 | CD4: 204 | CE4: 279 | CF4: 97 | CG4: 1 | CH4: 0 | CI4: 149 | CJ4: 2 | CK4: 148 | CL4: 1 | CM4: 16 | CN4: 260 | CO4: 397 | CP4: 142 | CQ4: 0 | CR4: 38 | CS4: 0 | CT4: 0 | CU4: 0 | CV4: 0 | CW4: 0 | CX4: 0 | CY4: 0 | CZ4: 0 | DA4: 0 | DB4: 0 | DC4: 0 | DD4: 0 | DE4: 0 | DF4: 0 | DG4: 0 | DH4: 0 | DI4: 0 | DJ4: 0 | DK4: 0 | DL4: 0 | DM4: 0 | DN4: 0 | DO4: 0 | DP4: 0 | DQ4: 0 | DR4: 0 | DS4: 0 | DT4: 0 | DU4: 0 | DV4: 0 | DW4: 0 | DX4: 0 | DY4: 0 | DZ4: 0 | EA4: 0 | EB4: 0 | EC4: 0 | ED4: 0 | EE4: 0 | EF4: 0 | EG4: 0 | EH4: 0 | EI4: 0 | EJ4: 0 | EK4: 0 | EL4: 0 | EM4: 0 | EN4: 0 | EO4: 0 | EP4: 0 | EQ4: 0 | ER4: 0 | ES4: 0 | ET4: 0 | EU4: 0 | EV4: 0 | EW4: 0 | EX4: 0 | EY4: 0 | EZ4: 0 | FA4: 0 | FB4: 0 | FC4: 0 | FD4: 0 | FE4: 0 | FF4: 0 | FG4: 0 | FH4: 0 | FI4: 0 | FJ4: 0 | FK4: 0 | FL4: 0 | FM4: 0 | FN4: 0 | FO4: 0 | FP4: 0 | FQ4: 0 | FR4: 0 | FS4: 0 | FT4: 0 | FU4: 0 | FV4: 0 | FW4: 0 | FX4: 0 | FY4: 0 | FZ4: 0 | GA4: 0 | GB4: 0 | GC4: 0 | GD4: 0 | GE4: 0 | GF4: 0 | GG4: 0 | GH4: 0 | GI4: 0 | GJ4: 0 | GK4: 0 | GL4: 0 | GM4: 0 | GN4: 0 | GO4: 0 | GP4: 0 | GQ4: 0 | GR4: 0 | GS4: 0 | GT4: 0 | GU4: 0 | GV4: 0 | GW4: 0 | GX4: 0 | GY4: 0 | GZ4: 0 | HA4: 0 | HB4: 0 | HC4: 0 | HD4: 0 | HE4: 0 | HF4: 0 | HG4: 0 | HH4: 0 | HI4: 0 | HJ4: 0 | HK4: 0 | HL4: 0 | HM4: 0 | HN4: 0 | HO4: 0 | HP4: 0 | HQ4: 0 | HR4: 0 | HS4: 0 | HT4: 0 | HU4: 0 | HV4: 0 | HW4: 0 | HX4: 0 | HY4: 0 | HZ4: 0 | IA4: 0 | IB4: 0 | IC4: 0 | ID4: 0 | IE4: 0 | IF4: 0 | IG4: 0 | IH4: 0 | II4: 0 | IJ4: 0 | IK4: 0 | IL4: 0 | IM4: 0 | IN4: 0 | IO4: 0 | IP4: 0 | IQ4: 0 | IR4: 0 | IS4: 0 | IT4: 0 | IU4: 0 | IV4: 0 | IW4: 0 | IX4: 0 | IY4: 0 | IZ4: 0 | JA4: 0 | JB4: 0 | JC4: 0 | JD4: 0 | JE4: 0 | JF4: 0 | JG4: 0 | JH4: 0 | JI4: 0 | JJ4: 0 | JK4: 0 | JL4: 0 | JM4: 0 | JN4: 0 | JO4: 0 | JP4: 0 | JQ4: 0 | JR4: 0 | JS4: 0 | JT4: 0 | JU4: 0 | JV4: 0 | JW4: 0 | JX4: 0 | JY4: 0 | JZ4: 0 | KA4: 0 | KB4: 0 | KC4: 0 | KD4: 0 | KE4: 0 | KF4: 0 | KG4: 0 | KH4: 0 | KI4: 0 | KJ4: 0 | KK4: 0 | KL4: 0 | KM4: 0 | KN4: 0 | KO4: 0 | KP4: 0 | KQ4: 0 | KR4: 0 | KS4: 0 | KT4: 0 | KU4: 0 | KV4: 0 | KW4: 0 | KX4: 0 | KY4: 0 | KZ4: 0 | LA4: 0 | LB4: 0 | LC4: 0 | LD4: 0 | LE4: 0 | LF4: 0 | LG4: 0 | LH4: 0 | LI4: 0 | LJ4: 0 | LK4: 0 | LL4: 0 | LM4: 0 | LN4: 0 | LO4: 0 | LP4: 0 | LQ4: 0 | LR4: 0 | LS4: 0 | LT4: 0 | LU4: 0 | LV4: 0 | LW4: 0 | LX4: 0 | LY4: 0 | LZ4: 0 | MA4: 0 | MB4: 0 | MC4: 0 | MD4: 0 | ME4: 0 | MF4: 0 | MG4: 0 | MH4: 0 | MI4: 0 | MJ4: 0 | MK4: 0 | ML4: 0 | MM4: 0 | MN4: 0 | MO4: 0 | MP4: 0 | MQ4: 0 | MR4: 0 | MS4: 0 | MT4: 0 | MU4: 0 | MV4: 0 | MW4: 0 | MX4: 0 | MY4: 0 | MZ4: 0 | NA4: 0 | NB4: 0 | NC4: 0 | ND4: 0 | NE4: 0 | NF4: 0 | NG4: 0 | NH4: 0 | NI4: 0 | NJ4: 0 | NK4: 0 | NL4: 0 | NM4: 0 | NN4: 0 | NO4: 0 | NP4: 0 | NQ4: 0 | NR4: 0 | NS4: 0 | NT4: 0 | NU4: 0 | NV4: 0 | NW4: 0 | NX4: 0 | NY4: 0 | NZ4: 0 | OA4: 0 | OB4: 0 | OC4: 0 | OD4: 0 | OE4: 0 | OF4: 0 | OG4: 0 | OH4: 0 | OI4: 0 | OJ4: 0 | OK4: 0 | OL4: 0 | OM4: 0 | ON4: 0 | OO4: 0 | OP4: 0 | OQ4: 0 | OR4: 0 | OS4: 0 | OT4: 0 | OU4: 0 | OV4: 0 | OW4: 0 | OX4: 0 | OY4: 0 | OZ4: 0 | PA4: 0 | PB4: 0 | PC4: 0 | PD4: 0 | PE4: 0 | PF4: 0 | PG4: 0 | PH4: 0 | PI4: 0 | PJ4: 0 | PK4: 0 | PL4: 0 | PM4: 0 | PN4: 0 | PO4: 0 | PP4: 0 | PQ4: 0 | PR4: 0 | PS4: 0 | PT4: 0 | PU4: 0 | PV4: 0 | PW4: 0 | PX4: 0 | PY4: 0 | PZ4: 0 | QA4: 0 | QB4: 0 | QC4: 0 | QD4: 0 | QE4: 0 | QF4: 0 | QG4: 0 | QH4: 0 | QI4: 0 | QJ4: 0 | QK4: 0 | QL4: 0 | QM4: 0 | QN4: 0 | QO4: 0 | QP4: 0 | QQ4: 0 | QR4: 0 | QS4: 0 | QT4: 0 | QU4: 0 | QV4: 0 | QW4: 0 | QX4: 0 | QY4: 0 | QZ4: 0 | RA4: 0 | RB4: 0 | RC4: 0 | RD4: 0 | RE4: 0 | RF4: 0 | RG4: 0 | RH4: 0 | RI4: 0 | RJ4: 0 | RK4: 0 | RL4: 0 | RM4: 0 | RN4: 0 | RO4: 0 | RP4: 0 | RQ4: 0 | RR4: 0 | RS4: 0 | RT4: 0 | RU4: 0 | RV4: 0 | RW4: 0 | RX4: 0 | RY4: 0 | RZ4: 0 | SA4: 0 | SB4: 0 | SC4: 0 | SD4: 0 | SE4: 0 | SF4: 0
B5: 0 | C5: 12800025601141514 | D5: 0 | E5: 200*230cm | F5: 0 | G5: 0 | H5: 0 | I5: 0 | J5: 0 | K5: 0 | L5: 0 | M5: 0 | N5: 0 | O5: 0 | P5: 0 | Q5: 0 | R5: 0 | S5: 0 | T5: 0 | U5: 0 | V5: 0 | W5: 0 | X5: 0 | Y5: 0 | Z5: 0 | AA5: 0 | AB5: 40 | AC5: 147 | AD5: 27 | AE5: 66 | AF5: 37 | AG5: 0 | AH5: 100 | AI5: 0 | AJ5: 62 | AK5: 69 | AL5: 95 | AM5: 417 | AN5: 140 | AO5: 124 | AP5: 393 | AQ5: 387 | AR5: 343 | AS5: 141 | AT5: 414 | AU5: 448 | AV5: 241 | AW5: 706 | AX5: 517 | AY5: 402 | AZ5: 93 | BA5: 204 | BB5: 270 | BC5: 349 | BD5: 189 | BE5: 598 | BF5: 579 | BG5: 323 | BH5: 117 | BI5: 624 | BJ5: 384 | BK5: 0 | BL5: 173 | BM5: 150 | BN5: 52 | BO5: 522 | BP5: 251 | BQ5: 418 | BR5: 442 | BS5: 131 | BT5: 249 | BU5: 50 | BV5: 1 | BW5: 116 | BX5: 59 | BY5: 0 | BZ5: 0 | CA5: 82 | CB5: 216 | CC5: 66 | CD5: 284 | CE5: 148 | CF5: 150 | CG5: 141 | CH5: 1 | CI5: 281 | CJ5: 195 | CK5: 199 | CL5: 70 | CM5: 203 | CN5: 528 | CO5: 395 | CP5: 536 | CQ5: 79 | CR5: 248 | CS5: 0 | CT5: 139 | CU5: 0 | CV5: 232 | CW5: 314 | CX5: 0 | CY5: 184 | CZ5: 0 | DA5: 0 | DB5: 0 | DC5: 0 | DD5: 0 | DE5: 0 | DF5: 0 | DG5: 0 | DH5: 0 | DI5: 0 | DJ5: 0 | DK5: 0 | DL5: 0 | DM5: 0 | DN5: 0 | DO5: 0 | DP5: 0 | DQ5: 0 | DR5: 0 | DS5: 0 | DT5: 0 | DU5: 0 | DV5: 0 | DW5: 0 | DX5: 0 | DY5: 0 | DZ5: 0 | EA5: 0 | EB5: 0 | EC5: 0 | ED5: 0 | EE5: 0 | EF5: 0 | EG5: 0 | EH5: 0 | EI5: 0 | EJ5: 0 | EK5: 0 | EL5: 0 | EM5: 0 | EN5: 0 | EO5: 0 | EP5: 0 | EQ5: 0 | ER5: 0 | ES5: 0 | ET5: 0 | EU5: 0 | EV5: 0 | EW5: 0 | EX5: 0 | EY5: 0 | EZ5: 0 | FA5: 0 | FB5: 0 | FC5: 0 | FD5: 0 | FE5: 0 | FF5: 0 | FG5: 0 | FH5: 0 | FI5: 0 | FJ5: 0 | FK5: 0 | FL5: 0 | FM5: 0 | FN5: 0 | FO5: 0 | FP5: 0 | FQ5: 0 | FR5: 0 | FS5: 0 | FT5: 0 | FU5: 0 | FV5: 0 | FW5: 0 | FX5: 0 | FY5: 0 | FZ5: 0 | GA5: 0 | GB5: 0 | GC5: 0 | GD5: 0 | GE5: 0 | GF5: 0 | GG5: 0 | GH5: 0 | GI5: 0 | GJ5: 0 | GK5: 0 | GL5: 0 | GM5: 0 | GN5: 0 | GO5: 0 | GP5: 0 | GQ5: 0 | GR5: 0 | GS5: 0 | GT5: 0 | GU5: 0 | GV5: 0 | GW5: 0 | GX5: 0 | GY5: 0 | GZ5: 0 | HA5: 0 | HB5: 0 | HC5: 0 | HD5: 0 | HE5: 0 | HF5: 0 | HG5: 0 | HH5: 0 | HI5: 0 | HJ5: 0 | HK5: 0 | HL5: 0 | HM5: 0 | HN5: 0 | HO5: 0 | HP5: 0 | HQ5: 0 | HR5: 0 | HS5: 0 | HT5: 0 | HU5: 0 | HV5: 0 | HW5: 0 | HX5: 0 | HY5: 0 | HZ5: 0 | IA5: 0 | IB5: 0 | IC5: 0 | ID5: 0 | IE5: 0 | IF5: 0 | IG5: 0 | IH5: 0 | II5: 0 | IJ5: 0 | IK5: 0 | IL5: 0 | IM5: 0 | IN5: 0 | IO5: 0 | IP5: 0 | IQ5: 0 | IR5: 0 | IS5: 0 | IT5: 0 | IU5: 0 | IV5: 0 | IW5: 0 | IX5: 0 | IY5: 0 | IZ5: 0 | JA5: 0 | JB5: 0 | JC5: 0 | JD5: 0 | JE5: 0 | JF5: 0 | JG5: 0 | JH5: 0 | JI5: 0 | JJ5: 0 | JK5: 0 | JL5: 0 | JM5: 0 | JN5: 0 | JO5: 0 | JP5: 0 | JQ5: 0 | JR5: 0 | JS5: 0 | JT5: 0 | JU5: 0 | JV5: 0 | JW5: 0 | JX5: 0 | JY5: 0 | JZ5: 0 | KA5: 0 | KB5: 0 | KC5: 0 | KD5: 0 | KE5: 0 | KF5: 0 | KG5: 0 | KH5: 0 | KI5: 0 | KJ5: 0 | KK5: 0 | KL5: 0 | KM5: 0 | KN5: 0 | KO5: 0 | KP5: 0 | KQ5: 0 | KR5: 0 | KS5: 0 | KT5: 0 | KU5: 0 | KV5: 0 | KW5: 0 | KX5: 0 | KY5: 0 | KZ5: 0 | LA5: 0 | LB5: 0 | LC5: 0 | LD5: 0 | LE5: 0 | LF5: 0 | LG5: 0 | LH5: 0 | LI5: 0 | LJ5: 0 | LK5: 0 | LL5: 0 | LM5: 0 | LN5: 0 | LO5: 0 | LP5: 0 | LQ5: 0 | LR5: 0 | LS5: 0 | LT5: 0 | LU5: 0 | LV5: 0 | LW5: 0 | LX5: 0 | LY5: 0 | LZ5: 0 | MA5: 0 | MB5: 0 | MC5: 0 | MD5: 0 | ME5: 0 | MF5: 0 | MG5: 0 | MH5: 0 | MI5: 0 | MJ5: 0 | MK5: 0 | ML5: 0 | MM5: 0 | MN5: 0 | MO5: 0 | MP5: 0 | MQ5: 0 | MR5: 0 | MS5: 0 | MT5: 0 | MU5: 0 | MV5: 0 | MW5: 0 | MX5: 0 | MY5: 0 | MZ5: 0 | NA5: 0 | NB5: 0 | NC5: 0 | ND5: 0 | NE5: 0 | NF5: 0 | NG5: 0 | NH5: 0 | NI5: 0 | NJ5: 0 | NK5: 0 | NL5: 0 | NM5: 0 | NN5: 0 | NO5: 0 | NP5: 0 | NQ5: 0 | NR5: 0 | NS5: 0 | NT5: 0 | NU5: 0 | NV5: 0 | NW5: 0 | NX5: 0 | NY5: 0 | NZ5: 0 | OA5: 0 | OB5: 0 | OC5: 0 | OD5: 0 | OE5: 0 | OF5: 0 | OG5: 0 | OH5: 0 | OI5: 0 | OJ5: 0 | OK5: 0 | OL5: 0 | OM5: 0 | ON5: 0 | OO5: 0 | OP5: 0 | OQ5: 0 | OR5: 0 | OS5: 0 | OT5: 0 | OU5: 0 | OV5: 0 | OW5: 0 | OX5: 0 | OY5: 0 | OZ5: 0 | PA5: 0 | PB5: 0 | PC5: 0 | PD5: 0 | PE5: 0 | PF5: 0 | PG5: 0 | PH5: 0 | PI5: 0 | PJ5: 0 | PK5: 0 | PL5: 0 | PM5: 0 | PN5: 0 | PO5: 0 | PP5: 0 | PQ5: 0 | PR5: 0 | PS5: 0 | PT5: 0 | PU5: 0 | PV5: 0 | PW5: 0 | PX5: 0 | PY5: 0 | PZ5: 0 | QA5: 0 | QB5: 0 | QC5: 0 | QD5: 0 | QE5: 0 | QF5: 0 | QG5: 0 | QH5: 0 | QI5: 0 | QJ5: 0 | QK5: 0 | QL5: 0 | QM5: 0 | QN5: 0 | QO5: 0 | QP5: 0 | QQ5: 0 | QR5: 0 | QS5: 0 | QT5: 0 | QU5: 0 | QV5: 0 | QW5: 0 | QX5: 0 | QY5: 0 | QZ5: 0 | RA5: 0 | RB5: 0 | RC5: 0 | RD5: 0 | RE5: 0 | RF5: 0 | RG5: 0 | RH5: 0 | RI5: 0 | RJ5: 0 | RK5: 0 | RL5: 0 | RM5: 0 | RN5: 0 | RO5: 0 | RP5: 0 | RQ5: 0 | RR5: 0 | RS5: 0 | RT5: 0 | RU5: 0 | RV5: 0 | RW5: 0 | RX5: 0 | RY5: 0 | RZ5: 0 | SA5: 0 | SB5: 0 | SC5: 0 | SD5: 0 | SE5: 0 | SF5: 0
B6: 0 | C6: 12800025601141513 | D6: 0 | E6: 220*240cm | F6: 0 | G6: 0 | H6: 0 | I6: 0 | J6: 0 | K6: 0 | L6: 0 | M6: 0 | N6: 0 | O6: 0 | P6: 0 | Q6: 0 | R6: 0 | S6: 0 | T6: 0 | U6: 0 | V6: 0 | W6: 0 | X6: 0 | Y6: 0 | Z6: 0 | AA6: 0 | AB6: 0 | AC6: 0 | AD6: 0 | AE6: 0 | AF6: 0 | AG6: 0 | AH6: 0 | AI6: 0 | AJ6: 0 | AK6: 24 | AL6: 25 | AM6: 212 | AN6: 40 | AO6: 115 | AP6: 33 | AQ6: 211 | AR6: 213 | AS6: 172 | AT6: 209 | AU6: 262 | AV6: 43 | AW6: 61 | AX6: 82 | AY6: 71 | AZ6: 119 | BA6: 150 | BB6: 75 | BC6: 85 | BD6: 0 | BE6: 44 | BF6: 30 | BG6: 276 | BH6: 278 | BI6: 28 | BJ6: 164 | BK6: 0 | BL6: 168 | BM6: 446 | BN6: 211 | BO6: 177 | BP6: 61 | BQ6: 361 | BR6: 193 | BS6: 331 | BT6: 233 | BU6: 75 | BV6: 4 | BW6: 40 | BX6: 118 | BY6: 0 | BZ6: 0 | CA6: 156 | CB6: 162 | CC6: 171 | CD6: 86 | CE6: 85 | CF6: 107 | CG6: 23 | CH6: 6 | CI6: 14 | CJ6: 11 | CK6: 0 | CL6: 90 | CM6: 308 | CN6: 169 | CO6: 174 | CP6: 255 | CQ6: 6 | CR6: 0 | CS6: 0 | CT6: 0 | CU6: 0 | CV6: 0 | CW6: 0 | CX6: 0 | CY6: 0 | CZ6: 0 | DA6: 0 | DB6: 0 | DC6: 0 | DD6: 0 | DE6: 0 | DF6: 0 | DG6: 0 | DH6: 0 | DI6: 0 | DJ6: 0 | DK6: 0 | DL6: 0 | DM6: 0 | DN6: 0 | DO6: 0 | DP6: 0 | DQ6: 0 | DR6: 0 | DS6: 0 | DT6: 0 | DU6: 0 | DV6: 0 | DW6: 0 | DX6: 0 | DY6: 0 | DZ6: 0 | EA6: 0 | EB6: 0 | EC6: 0 | ED6: 0 | EE6: 0 | EF6: 0 | EG6: 0 | EH6: 0 | EI6: 0 | EJ6: 0 | EK6: 0 | EL6: 0 | EM6: 0 | EN6: 0 | EO6: 0 | EP6: 0 | EQ6: 0 | ER6: 0 | ES6: 0 | ET6: 0 | EU6: 0 | EV6: 0 | EW6: 0 | EX6: 0 | EY6: 0 | EZ6: 0 | FA6: 0 | FB6: 0 | FC6: 0 | FD6: 0 | FE6: 0 | FF6: 0 | FG6: 0 | FH6: 0 | FI6: 0 | FJ6: 0 | FK6: 0 | FL6: 0 | FM6: 0 | FN6: 0 | FO6: 0 | FP6: 0 | FQ6: 0 | FR6: 0 | FS6: 0 | FT6: 0 | FU6: 0 | FV6: 0 | FW6: 0 | FX6: 0 | FY6: 0 | FZ6: 0 | GA6: 0 | GB6: 0 | GC6: 0 | GD6: 0 | GE6: 0 | GF6: 0 | GG6: 0 | GH6: 0 | GI6: 0 | GJ6: 0 | GK6: 0 | GL6: 0 | GM6: 0 | GN6: 0 | GO6: 0 | GP6: 0 | GQ6: 0 | GR6: 0 | GS6: 0 | GT6: 0 | GU6: 0 | GV6: 0 | GW6: 0 | GX6: 0 | GY6: 0 | GZ6: 0 | HA6: 0 | HB6: 0 | HC6: 0 | HD6: 0 | HE6: 0 | HF6: 0 | HG6: 0 | HH6: 0 | HI6: 0 | HJ6: 0 | HK6: 0 | HL6: 0 | HM6: 0 | HN6: 0 | HO6: 0 | HP6: 0 | HQ6: 0 | HR6: 0 | HS6: 0 | HT6: 0 | HU6: 0 | HV6: 0 | HW6: 0 | HX6: 0 | HY6: 0 | HZ6: 0 | IA6: 0 | IB6: 0 | IC6: 0 | ID6: 0 | IE6: 0 | IF6: 0 | IG6: 0 | IH6: 0 | II6: 0 | IJ6: 0 | IK6: 0 | IL6: 0 | IM6: 0 | IN6: 0 | IO6: 0 | IP6: 0 | IQ6: 0 | IR6: 0 | IS6: 0 | IT6: 0 | IU6: 0 | IV6: 0 | IW6: 0 | IX6: 0 | IY6: 0 | IZ6: 0 | JA6: 0 | JB6: 0 | JC6: 0 | JD6: 0 | JE6: 0 | JF6: 0 | JG6: 0 | JH6: 0 | JI6: 0 | JJ6: 0 | JK6: 0 | JL6: 0 | JM6: 0 | JN6: 0 | JO6: 0 | JP6: 0 | JQ6: 0 | JR6: 0 | JS6: 0 | JT6: 0 | JU6: 0 | JV6: 0 | JW6: 0 | JX6: 0 | JY6: 0 | JZ6: 0 | KA6: 0 | KB6: 0 | KC6: 0 | KD6: 0 | KE6: 0 | KF6: 0 | KG6: 0 | KH6: 0 | KI6: 0 | KJ6: 0 | KK6: 0 | KL6: 0 | KM6: 0 | KN6: 0 | KO6: 0 | KP6: 0 | KQ6: 0 | KR6: 0 | KS6: 0 | KT6: 0 | KU6: 0 | KV6: 0 | KW6: 0 | KX6: 0 | KY6: 0 | KZ6: 0 | LA6: 0 | LB6: 0 | LC6: 0 | LD6: 0 | LE6: 0 | LF6: 0 | LG6: 0 | LH6: 0 | LI6: 0 | LJ6: 0 | LK6: 0 | LL6: 0 | LM6: 0 | LN6: 0 | LO6: 0 | LP6: 0 | LQ6: 0 | LR6: 0 | LS6: 0 | LT6: 0 | LU6: 0 | LV6: 0 | LW6: 0 | LX6: 0 | LY6: 0 | LZ6: 0 | MA6: 0 | MB6: 0 | MC6: 0 | MD6: 0 | ME6: 0 | MF6: 0 | MG6: 0 | MH6: 0 | MI6: 0 | MJ6: 0 | MK6: 0 | ML6: 0 | MM6: 0 | MN6: 0 | MO6: 0 | MP6: 0 | MQ6: 0 | MR6: 0 | MS6: 0 | MT6: 0 | MU6: 0 | MV6: 0 | MW6: 0 | MX6: 0 | MY6: 0 | MZ6: 0 | NA6: 0 | NB6: 0 | NC6: 0 | ND6: 0 | NE6: 0 | NF6: 0 | NG6: 0 | NH6: 0 | NI6: 0 | NJ6: 0 | NK6: 0 | NL6: 0 | NM6: 0 | NN6: 0 | NO6: 0 | NP6: 0 | NQ6: 0 | NR6: 0 | NS6: 0 | NT6: 0 | NU6: 0 | NV6: 0 | NW6: 0 | NX6: 0 | NY6: 0 | NZ6: 0 | OA6: 0 | OB6: 0 | OC6: 0 | OD6: 0 | OE6: 0 | OF6: 0 | OG6: 0 | OH6: 0 | OI6: 0 | OJ6: 0 | OK6: 0 | OL6: 0 | OM6: 0 | ON6: 0 | OO6: 0 | OP6: 0 | OQ6: 0 | OR6: 0 | OS6: 0 | OT6: 0 | OU6: 0 | OV6: 0 | OW6: 0 | OX6: 0 | OY6: 0 | OZ6: 0 | PA6: 0 | PB6: 0 | PC6: 0 | PD6: 0 | PE6: 0 | PF6: 0 | PG6: 0 | PH6: 0 | PI6: 0 | PJ6: 0 | PK6: 0 | PL6: 0 | PM6: 0 | PN6: 0 | PO6: 0 | PP6: 0 | PQ6: 0 | PR6: 0 | PS6: 0 | PT6: 0 | PU6: 0 | PV6: 0 | PW6: 0 | PX6: 0 | PY6: 0 | PZ6: 0 | QA6: 0 | QB6: 0 | QC6: 0 | QD6: 0 | QE6: 0 | QF6: 0 | QG6: 0 | QH6: 0 | QI6: 0 | QJ6: 0 | QK6: 0 | QL6: 0 | QM6: 0 | QN6: 0 | QO6: 0 | QP6: 0 | QQ6: 0 | QR6: 0 | QS6: 0 | QT6: 0 | QU6: 0 | QV6: 0 | QW6: 0 | QX6: 0 | QY6: 0 | QZ6: 0 | RA6: 0 | RB6: 0 | RC6: 0 | RD6: 0 | RE6: 0 | RF6: 0 | RG6: 0 | RH6: 0 | RI6: 0 | RJ6: 0 | RK6: 0 | RL6: 0 | RM6: 0 | RN6: 0 | RO6: 0 | RP6: 0 | RQ6: 0 | RR6: 0 | RS6: 0 | RT6: 0 | RU6: 0 | RV6: 0 | RW6: 0 | RX6: 0 | RY6: 0 | RZ6: 0 | SA6: 0 | SB6: 0 | SC6: 0 | SD6: 0 | SE6: 0 | SF6: 0
B7: 0 | C7: 12800025601141416 | D7: 黎明灰 | E7: 150*200cm | F7: 0 | G7: 0 | H7: 0 | I7: 0 | J7: 2 | K7: 74 | L7: 62 | M7: 0 | N7: 0 | O7: 78 | P7: 118 | Q7: 0 | R7: 107 | S7: 139 | T7: 158 | U7: 0 | V7: 336 | W7: 32 | X7: 29 | Y7: 80 | Z7: 0 | AA7: 39 | AB7: 76 | AC7: 40 | AD7: 142 | AE7: 22 | AF7: 59 | AG7: 0 | AH7: 0 | AI7: 271 | AJ7: 95 | AK7: 0 | AL7: 17 | AM7: 53 | AN7: 27 | AO7: 34 | AP7: 31 | AQ7: 0 | AR7: 0 | AS7: 0 | AT7: 99 | AU7: 0 | AV7: 112 | AW7: 23 | AX7: 53 | AY7: 54 | AZ7: 18 | BA7: 32 | BB7: 462 | BC7: 272 | BD7: 307 | BE7: 67 | BF7: 73 | BG7: 6 | BH7: 93 | BI7: 86 | BJ7: 167 | BK7: 0 | BL7: 180 | BM7: 0 | BN7: 179 | BO7: 358 | BP7: 212 | BQ7: 34 | BR7: 0 | BS7: 0 | BT7: 91 | BU7: 128 | BV7: 7 | BW7: 0 | BX7: 0 | BY7: 0 | BZ7: 0 | CA7: 0 | CB7: 0 | CC7: 5 | CD7: 0 | CE7: 48 | CF7: 15 | CG7: 0 | CH7: 0 | CI7: 0 | CJ7: 38 | CK7: 0 | CL7: 0 | CM7: 0 | CN7: 0 | CO7: 49 | CP7: 0 | CQ7: 0 | CR7: 0 | CS7: 0 | CT7: 0 | CU7: 0 | CV7: 0 | CW7: 0 | CX7: 0 | CY7: 0 | CZ7: 0 | DA7: 0 | DB7: 0 | DC7: 0 | DD7: 0 | DE7: 0 | DF7: 0 | DG7: 0 | DH7: 0 | DI7: 0 | DJ7: 0 | DK7: 0 | DL7: 0 | DM7: 0 | DN7: 0 | DO7: 0 | DP7: 0 | DQ7: 0 | DR7: 0 | DS7: 0 | DT7: 0 | DU7: 0 | DV7: 0 | DW7: 0 | DX7: 0 | DY7: 0 | DZ7: 0 | EA7: 0 | EB7: 0 | EC7: 0 | ED7: 0 | EE7: 0 | EF7: 0 | EG7: 0 | EH7: 0 | EI7: 0 | EJ7: 0 | EK7: 0 | EL7: 0 | EM7: 0 | EN7: 0 | EO7: 0 | EP7: 0 | EQ7: 0 | ER7: 0 | ES7: 0 | ET7: 0 | EU7: 0 | EV7: 0 | EW7: 0 | EX7: 0 | EY7: 0 | EZ7: 0 | FA7: 0 | FB7: 0 | FC7: 0 | FD7: 0 | FE7: 0 | FF7: 0 | FG7: 0 | FH7: 0 | FI7: 0 | FJ7: 0 | FK7: 0 | FL7: 0 | FM7: 0 | FN7: 0 | FO7: 0 | FP7: 0 | FQ7: 0 | FR7: 0 | FS7: 0 | FT7: 0 | FU7: 0 | FV7: 0 | FW7: 0 | FX7: 0 | FY7: 0 | FZ7: 0 | GA7: 0 | GB7: 0 | GC7: 0 | GD7: 0 | GE7: 0 | GF7: 0 | GG7: 0 | GH7: 0 | GI7: 0 | GJ7: 0 | GK7: 0 | GL7: 0 | GM7: 0 | GN7: 0 | GO7: 0 | GP7: 0 | GQ7: 0 | GR7: 0 | GS7: 0 | GT7: 0 | GU7: 0 | GV7: 0 | GW7: 0 | GX7: 0 | GY7: 0 | GZ7: 0 | HA7: 0 | HB7: 0 | HC7: 0 | HD7: 0 | HE7: 0 | HF7: 0 | HG7: 0 | HH7: 0 | HI7: 0 | HJ7: 0 | HK7: 0 | HL7: 0 | HM7: 0 | HN7: 0 | HO7: 0 | HP7: 0 | HQ7: 0 | HR7: 0 | HS7: 0 | HT7: 0 | HU7: 0 | HV7: 0 | HW7: 0 | HX7: 0 | HY7: 0 | HZ7: 0 | IA7: 0 | IB7: 0 | IC7: 0 | ID7: 0 | IE7: 0 | IF7: 0 | IG7: 0 | IH7: 0 | II7: 0 | IJ7: 0 | IK7: 0 | IL7: 0 | IM7: 0 | IN7: 0 | IO7: 0 | IP7: 0 | IQ7: 0 | IR7: 0 | IS7: 0 | IT7: 0 | IU7: 0 | IV7: 0 | IW7: 0 | IX7: 0 | IY7: 0 | IZ7: 0 | JA7: 0 | JB7: 0 | JC7: 0 | JD7: 0 | JE7: 0 | JF7: 0 | JG7: 0 | JH7: 0 | JI7: 0 | JJ7: 0 | JK7: 0 | JL7: 0 | JM7: 0 | JN7: 0 | JO7: 0 | JP7: 0 | JQ7: 0 | JR7: 0 | JS7: 0 | JT7: 0 | JU7: 0 | JV7: 0 | JW7: 0 | JX7: 0 | JY7: 0 | JZ7: 0 | KA7: 0 | KB7: 0 | KC7: 0 | KD7: 0 | KE7: 0 | KF7: 0 | KG7: 0 | KH7: 0 | KI7: 0 | KJ7: 0 | KK7: 0 | KL7: 0 | KM7: 0 | KN7: 0 | KO7: 0 | KP7: 0 | KQ7: 0 | KR7: 0 | KS7: 0 | KT7: 0 | KU7: 0 | KV7: 0 | KW7: 0 | KX7: 0 | KY7: 0 | KZ7: 0 | LA7: 0 | LB7: 0 | LC7: 0 | LD7: 0 | LE7: 0 | LF7: 0 | LG7: 0 | LH7: 0 | LI7: 0 | LJ7: 0 | LK7: 0 | LL7: 0 | LM7: 0 | LN7: 0 | LO7: 0 | LP7: 0 | LQ7: 0 | LR7: 0 | LS7: 0 | LT7: 0 | LU7: 0 | LV7: 0 | LW7: 0 | LX7: 0 | LY7: 0 | LZ7: 0 | MA7: 0 | MB7: 0 | MC7: 0 | MD7: 0 | ME7: 0 | MF7: 0 | MG7: 0 | MH7: 0 | MI7: 0 | MJ7: 0 | MK7: 0 | ML7: 0 | MM7: 0 | MN7: 0 | MO7: 0 | MP7: 0 | MQ7: 0 | MR7: 0 | MS7: 0 | MT7: 0 | MU7: 0 | MV7: 0 | MW7: 0 | MX7: 0 | MY7: 0 | MZ7: 0 | NA7: 0 | NB7: 0 | NC7: 0 | ND7: 0 | NE7: 0 | NF7: 0 | NG7: 0 | NH7: 0 | NI7: 0 | NJ7: 0 | NK7: 0 | NL7: 0 | NM7: 0 | NN7: 0 | NO7: 0 | NP7: 0 | NQ7: 0 | NR7: 0 | NS7: 0 | NT7: 0 | NU7: 0 | NV7: 0 | NW7: 0 | NX7: 0 | NY7: 0 | NZ7: 0 | OA7: 0 | OB7: 0 | OC7: 0 | OD7: 0 | OE7: 0 | OF7: 0 | OG7: 0 | OH7: 0 | OI7: 0 | OJ7: 0 | OK7: 0 | OL7: 0 | OM7: 0 | ON7: 0 | OO7: 0 | OP7: 0 | OQ7: 0 | OR7: 0 | OS7: 0 | OT7: 0 | OU7: 0 | OV7: 0 | OW7: 0 | OX7: 0 | OY7: 0 | OZ7: 0 | PA7: 0 | PB7: 0 | PC7: 0 | PD7: 0 | PE7: 0 | PF7: 0 | PG7: 0 | PH7: 0 | PI7: 0 | PJ7: 0 | PK7: 0 | PL7: 0 | PM7: 0 | PN7: 0 | PO7: 0 | PP7: 0 | PQ7: 0 | PR7: 0 | PS7: 0 | PT7: 0 | PU7: 0 | PV7: 0 | PW7: 0 | PX7: 0 | PY7: 0 | PZ7: 0 | QA7: 0 | QB7: 0 | QC7: 0 | QD7: 0 | QE7: 0 | QF7: 0 | QG7: 0 | QH7: 0 | QI7: 0 | QJ7: 0 | QK7: 0 | QL7: 0 | QM7: 0 | QN7: 0 | QO7: 0 | QP7: 0 | QQ7: 0 | QR7: 0 | QS7: 0 | QT7: 0 | QU7: 0 | QV7: 0 | QW7: 0 | QX7: 0 | QY7: 0 | QZ7: 0 | RA7: 0 | RB7: 0 | RC7: 0 | RD7: 0 | RE7: 0 | RF7: 0 | RG7: 0 | RH7: 0 | RI7: 0 | RJ7: 0 | RK7: 0 | RL7: 0 | RM7: 0 | RN7: 0 | RO7: 0 | RP7: 0 | RQ7: 0 | RR7: 0 | RS7: 0 | RT7: 0 | RU7: 0 | RV7: 0 | RW7: 0 | RX7: 0 | RY7: 0 | RZ7: 0 | SA7: 0 | SB7: 0 | SC7: 0 | SD7: 0 | SE7: 0 | SF7: 0
B8: 0 | C8: 12800025601141414 | D8: 0 | E8: 200*230cm | F8: 0 | G8: 0 | H8: 0 | I8: 0 | J8: 1 | K8: 119 | L8: 0 | M8: 0 | N8: 154 | O8: 110 | P8: 139 | Q8: 206 | R8: 49 | S8: 90 | T8: 0 | U8: 202 | V8: 125 | W8: 36 | X8: 136 | Y8: 140 | Z8: 75 | AA8: 276 | AB8: 144 | AC8: 134 | AD8: 270 | AE8: 251 | AF8: 54 | AG8: 0 | AH8: 89 | AI8: 82 | AJ8: 298 | AK8: 188 | AL8: 170 | AM8: 65 | AN8: 0 | AO8: 169 | AP8: 67 | AQ8: 163 | AR8: 18 | AS8: 551 | AT8: 132 | AU8: 221 | AV8: 695 | AW8: 351 | AX8: 487 | AY8: 351 | AZ8: 238 | BA8: 38 | BB8: 87 | BC8: 286 | BD8: 289 | BE8: 416 | BF8: 459 | BG8: 411 | BH8: 255 | BI8: 178 | BJ8: 0 | BK8: 0 | BL8: 73 | BM8: 0 | BN8: 433 | BO8: 285 | BP8: 341 | BQ8: 129 | BR8: 270 | BS8: 0 | BT8: 251 | BU8: 102 | BV8: 24 | BW8: 0 | BX8: 125 | BY8: 0 | BZ8: 0 | CA8: 0 | CB8: 38 | CC8: 49 | CD8: 1 | CE8: 0 | CF8: 149 | CG8: 1 | CH8: 0 | CI8: 43 | CJ8: 19 | CK8: 0 | CL8: 0 | CM8: 0 | CN8: 0 | CO8: 5 | CP8: 9 | CQ8: 0 | CR8: 0 | CS8: 0 | CT8: 0 | CU8: 0 | CV8: 0 | CW8: 0 | CX8: 0 | CY8: 0 | CZ8: 0 | DA8: 0 | DB8: 0 | DC8: 0 | DD8: 0 | DE8: 0 | DF8: 0 | DG8: 0 | DH8: 0 | DI8: 0 | DJ8: 0 | DK8: 0 | DL8: 0 | DM8: 0 | DN8: 0 | DO8: 0 | DP8: 0 | DQ8: 0 | DR8: 0 | DS8: 0 | DT8: 0 | DU8: 0 | DV8: 0 | DW8: 0 | DX8: 0 | DY8: 0 | DZ8: 0 | EA8: 0 | EB8: 0 | EC8: 0 | ED8: 0 | EE8: 0 | EF8: 0 | EG8: 0 | EH8: 0 | EI8: 0 | EJ8: 0 | EK8: 0 | EL8: 0 | EM8: 0 | EN8: 0 | EO8: 0 | EP8: 0 | EQ8: 0 | ER8: 0 | ES8: 0 | ET8: 0 | EU8: 0 | EV8: 0 | EW8: 0 | EX8: 0 | EY8: 0 | EZ8: 0 | FA8: 0 | FB8: 0 | FC8: 0 | FD8: 0 | FE8: 0 | FF8: 0 | FG8: 0 | FH8: 0 | FI8: 0 | FJ8: 0 | FK8: 0 | FL8: 0 | FM8: 0 | FN8: 0 | FO8: 0 | FP8: 0 | FQ8: 0 | FR8: 0 | FS8: 0 | FT8: 0 | FU8: 0 | FV8: 0 | FW8: 0 | FX8: 0 | FY8: 0 | FZ8: 0 | GA8: 0 | GB8: 0 | GC8: 0 | GD8: 0 | GE8: 0 | GF8: 0 | GG8: 0 | GH8: 0 | GI8: 0 | GJ8: 0 | GK8: 0 | GL8: 0 | GM8: 0 | GN8: 0 | GO8: 0 | GP8: 0 | GQ8: 0 | GR8: 0 | GS8: 0 | GT8: 0 | GU8: 0 | GV8: 0 | GW8: 0 | GX8: 0 | GY8: 0 | GZ8: 0 | HA8: 0 | HB8: 0 | HC8: 0 | HD8: 0 | HE8: 0 | HF8: 0 | HG8: 0 | HH8: 0 | HI8: 0 | HJ8: 0 | HK8: 0 | HL8: 0 | HM8: 0 | HN8: 0 | HO8: 0 | HP8: 0 | HQ8: 0 | HR8: 0 | HS8: 0 | HT8: 0 | HU8: 0 | HV8: 0 | HW8: 0 | HX8: 0 | HY8: 0 | HZ8: 0 | IA8: 0 | IB8: 0 | IC8: 0 | ID8: 0 | IE8: 0 | IF8: 0 | IG8: 0 | IH8: 0 | II8: 0 | IJ8: 0 | IK8: 0 | IL8: 0 | IM8: 0 | IN8: 0 | IO8: 0 | IP8: 0 | IQ8: 0 | IR8: 0 | IS8: 0 | IT8: 0 | IU8: 0 | IV8: 0 | IW8: 0 | IX8: 0 | IY8: 0 | IZ8: 0 | JA8: 0 | JB8: 0 | JC8: 0 | JD8: 0 | JE8: 0 | JF8: 0 | JG8: 0 | JH8: 0 | JI8: 0 | JJ8: 0 | JK8: 0 | JL8: 0 | JM8: 0 | JN8: 0 | JO8: 0 | JP8: 0 | JQ8: 0 | JR8: 0 | JS8: 0 | JT8: 0 | JU8: 0 | JV8: 0 | JW8: 0 | JX8: 0 | JY8: 0 | JZ8: 0 | KA8: 0 | KB8: 0 | KC8: 0 | KD8: 0 | KE8: 0 | KF8: 0 | KG8: 0 | KH8: 0 | KI8: 0 | KJ8: 0 | KK8: 0 | KL8: 0 | KM8: 0 | KN8: 0 | KO8: 0 | KP8: 0 | KQ8: 0 | KR8: 0 | KS8: 0 | KT8: 0 | KU8: 0 | KV8: 0 | KW8: 0 | KX8: 0 | KY8: 0 | KZ8: 0 | LA8: 0 | LB8: 0 | LC8: 0 | LD8: 0 | LE8: 0 | LF8: 0 | LG8: 0 | LH8: 0 | LI8: 0 | LJ8: 0 | LK8: 0 | LL8: 0 | LM8: 0 | LN8: 0 | LO8: 0 | LP8: 0 | LQ8: 0 | LR8: 0 | LS8: 0 | LT8: 0 | LU8: 0 | LV8: 0 | LW8: 0 | LX8: 0 | LY8: 0 | LZ8: 0 | MA8: 0 | MB8: 0 | MC8: 0 | MD8: 0 | ME8: 0 | MF8: 0 | MG8: 0 | MH8: 0 | MI8: 0 | MJ8: 0 | MK8: 0 | ML8: 0 | MM8: 0 | MN8: 0 | MO8: 0 | MP8: 0 | MQ8: 0 | MR8: 0 | MS8: 0 | MT8: 0 | MU8: 0 | MV8: 0 | MW8: 0 | MX8: 0 | MY8: 0 | MZ8: 0 | NA8: 0 | NB8: 0 | NC8: 0 | ND8: 0 | NE8: 0 | NF8: 0 | NG8: 0 | NH8: 0 | NI8: 0 | NJ8: 0 | NK8: 0 | NL8: 0 | NM8: 0 | NN8: 0 | NO8: 0 | NP8: 0 | NQ8: 0 | NR8: 0 | NS8: 0 | NT8: 0 | NU8: 0 | NV8: 0 | NW8: 0 | NX8: 0 | NY8: 0 | NZ8: 0 | OA8: 0 | OB8: 0 | OC8: 0 | OD8: 0 | OE8: 0 | OF8: 0 | OG8: 0 | OH8: 0 | OI8: 0 | OJ8: 0 | OK8: 0 | OL8: 0 | OM8: 0 | ON8: 0 | OO8: 0 | OP8: 0 | OQ8: 0 | OR8: 0 | OS8: 0 | OT8: 0 | OU8: 0 | OV8: 0 | OW8: 0 | OX8: 0 | OY8: 0 | OZ8: 0 | PA8: 0 | PB8: 0 | PC8: 0 | PD8: 0 | PE8: 0 | PF8: 0 | PG8: 0 | PH8: 0 | PI8: 0 | PJ8: 0 | PK8: 0 | PL8: 0 | PM8: 0 | PN8: 0 | PO8: 0 | PP8: 0 | PQ8: 0 | PR8: 0 | PS8: 0 | PT8: 0 | PU8: 0 | PV8: 0 | PW8: 0 | PX8: 0 | PY8: 0 | PZ8: 0 | QA8: 0 | QB8: 0 | QC8: 0 | QD8: 0 | QE8: 0 | QF8: 0 | QG8: 0 | QH8: 0 | QI8: 0 | QJ8: 0 | QK8: 0 | QL8: 0 | QM8: 0 | QN8: 0 | QO8: 0 | QP8: 0 | QQ8: 0 | QR8: 0 | QS8: 0 | QT8: 0 | QU8: 0 | QV8: 0 | QW8: 0 | QX8: 0 | QY8: 0 | QZ8: 0 | RA8: 0 | RB8: 0 | RC8: 0 | RD8: 0 | RE8: 0 | RF8: 0 | RG8: 0 | RH8: 0 | RI8: 0 | RJ8: 0 | RK8: 0 | RL8: 0 | RM8: 0 | RN8: 0 | RO8: 0 | RP8: 0 | RQ8: 0 | RR8: 0 | RS8: 0 | RT8: 0 | RU8: 0 | RV8: 0 | RW8: 0 | RX8: 0 | RY8: 0 | RZ8: 0 | SA8: 0 | SB8: 0 | SC8: 0 | SD8: 0 | SE8: 0 | SF8: 0
B9: 0 | C9: 12800025601141413 | D9: 0 | E9: 220*240cm | F9: 0 | G9: 0 | H9: 0 | I9: 0 | J9: 79 | K9: 368 | L9: 62 | M9: 0 | N9: 39 | O9: 0 | P9: 32 | Q9: 77 | R9: 8 | S9: 108 | T9: 0 | U9: 0 | V9: 155 | W9: 71 | X9: 78 | Y9: 49 | Z9: 23 | AA9: 0 | AB9: 78 | AC9: 116 | AD9: 134 | AE9: 0 | AF9: 111 | AG9: 0 | AH9: 277 | AI9: 0 | AJ9: 53 | AK9: 184 | AL9: 170 | AM9: 1 | AN9: 45 | AO9: 142 | AP9: 34 | AQ9: 9 | AR9: 0 | AS9: 0 | AT9: 0 | AU9: 0 | AV9: 126 | AW9: 171 | AX9: 125 | AY9: 50 | AZ9: 58 | BA9: 0 | BB9: 0 | BC9: 32 | BD9: 174 | BE9: 52 | BF9: 0 | BG9: 0 | BH9: 30 | BI9: 0 | BJ9: 0 | BK9: 0 | BL9: 0 | BM9: 243 | BN9: 1 | BO9: 3 | BP9: 0 | BQ9: 0 | BR9: 0 | BS9: 0 | BT9: 298 | BU9: 0 | BV9: 8 | BW9: 0 | BX9: 0 | BY9: 0 | BZ9: 0 | CA9: 0 | CB9: 84 | CC9: 71 | CD9: 38 | CE9: 177 | CF9: 79 | CG9: 4 | CH9: 0 | CI9: 44 | CJ9: 14 | CK9: 41 | CL9: 1 | CM9: 52 | CN9: 207 | CO9: 145 | CP9: 0 | CQ9: 0 | CR9: 0 | CS9: 0 | CT9: 0 | CU9: 0 | CV9: 0 | CW9: 0 | CX9: 0 | CY9: 0 | CZ9: 0 | DA9: 0 | DB9: 0 | DC9: 0 | DD9: 0 | DE9: 0 | DF9: 0 | DG9: 0 | DH9: 0 | DI9: 0 | DJ9: 0 | DK9: 0 | DL9: 0 | DM9: 0 | DN9: 0 | DO9: 0 | DP9: 0 | DQ9: 0 | DR9: 0 | DS9: 0 | DT9: 0 | DU9: 0 | DV9: 0 | DW9: 0 | DX9: 0 | DY9: 0 | DZ9: 0 | EA9: 0 | EB9: 0 | EC9: 0 | ED9: 0 | EE9: 0 | EF9: 0 | EG9: 0 | EH9: 0 | EI9: 0 | EJ9: 0 | EK9: 0 | EL9: 0 | EM9: 0 | EN9: 0 | EO9: 0 | EP9: 0 | EQ9: 0 | ER9: 0 | ES9: 0 | ET9: 0 | EU9: 0 | EV9: 0 | EW9: 0 | EX9: 0 | EY9: 0 | EZ9: 0 | FA9: 0 | FB9: 0 | FC9: 0 | FD9: 0 | FE9: 0 | FF9: 0 | FG9: 0 | FH9: 0 | FI9: 0 | FJ9: 0 | FK9: 0 | FL9: 0 | FM9: 0 | FN9: 0 | FO9: 0 | FP9: 0 | FQ9: 0 | FR9: 0 | FS9: 0 | FT9: 0 | FU9: 0 | FV9: 0 | FW9: 0 | FX9: 0 | FY9: 0 | FZ9: 0 | GA9: 0 | GB9: 0 | GC9: 0 | GD9: 0 | GE9: 0 | GF9: 0 | GG9: 0 | GH9: 0 | GI9: 0 | GJ9: 0 | GK9: 0 | GL9: 0 | GM9: 0 | GN9: 0 | GO9: 0 | GP9: 0 | GQ9: 0 | GR9: 0 | GS9: 0 | GT9: 0 | GU9: 0 | GV9: 0 | GW9: 0 | GX9: 0 | GY9: 0 | GZ9: 0 | HA9: 0 | HB9: 0 | HC9: 0 | HD9: 0 | HE9: 0 | HF9: 0 | HG9: 0 | HH9: 0 | HI9: 0 | HJ9: 0 | HK9: 0 | HL9: 0 | HM9: 0 | HN9: 0 | HO9: 0 | HP9: 0 | HQ9: 0 | HR9: 0 | HS9: 0 | HT9: 0 | HU9: 0 | HV9: 0 | HW9: 0 | HX9: 0 | HY9: 0 | HZ9: 0 | IA9: 0 | IB9: 0 | IC9: 0 | ID9: 0 | IE9: 0 | IF9: 0 | IG9: 0 | IH9: 0 | II9: 0 | IJ9: 0 | IK9: 0 | IL9: 0 | IM9: 0 | IN9: 0 | IO9: 0 | IP9: 0 | IQ9: 0 | IR9: 0 | IS9: 0 | IT9: 0 | IU9: 0 | IV9: 0 | IW9: 0 | IX9: 0 | IY9: 0 | IZ9: 0 | JA9: 0 | JB9: 0 | JC9: 0 | JD9: 0 | JE9: 0 | JF9: 0 | JG9: 0 | JH9: 0 | JI9: 0 | JJ9: 0 | JK9: 0 | JL9: 0 | JM9: 0 | JN9: 0 | JO9: 0 | JP9: 0 | JQ9: 0 | JR9: 0 | JS9: 0 | JT9: 0 | JU9: 0 | JV9: 0 | JW9: 0 | JX9: 0 | JY9: 0 | JZ9: 0 | KA9: 0 | KB9: 0 | KC9: 0 | KD9: 0 | KE9: 0 | KF9: 0 | KG9: 0 | KH9: 0 | KI9: 0 | KJ9: 0 | KK9: 0 | KL9: 0 | KM9: 0 | KN9: 0 | KO9: 0 | KP9: 0 | KQ9: 0 | KR9: 0 | KS9: 0 | KT9: 0 | KU9: 0 | KV9: 0 | KW9: 0 | KX9: 0 | KY9: 0 | KZ9: 0 | LA9: 0 | LB9: 0 | LC9: 0 | LD9: 0 | LE9: 0 | LF9: 0 | LG9: 0 | LH9: 0 | LI9: 0 | LJ9: 0 | LK9: 0 | LL9: 0 | LM9: 0 | LN9: 0 | LO9: 0 | LP9: 0 | LQ9: 0 | LR9: 0 | LS9: 0 | LT9: 0 | LU9: 0 | LV9: 0 | LW9: 0 | LX9: 0 | LY9: 0 | LZ9: 0 | MA9: 0 | MB9: 0 | MC9: 0 | MD9: 0 | ME9: 0 | MF9: 0 | MG9: 0 | MH9: 0 | MI9: 0 | MJ9: 0 | MK9: 0 | ML9: 0 | MM9: 0 | MN9: 0 | MO9: 0 | MP9: 0 | MQ9: 0 | MR9: 0 | MS9: 0 | MT9: 0 | MU9: 0 | MV9: 0 | MW9: 0 | MX9: 0 | MY9: 0 | MZ9: 0 | NA9: 0 | NB9: 0 | NC9: 0 | ND9: 0 | NE9: 0 | NF9: 0 | NG9: 0 | NH9: 0 | NI9: 0 | NJ9: 0 | NK9: 0 | NL9: 0 | NM9: 0 | NN9: 0 | NO9: 0 | NP9: 0 | NQ9: 0 | NR9: 0 | NS9: 0 | NT9: 0 | NU9: 0 | NV9: 0 | NW9: 0 | NX9: 0 | NY9: 0 | NZ9: 0 | OA9: 0 | OB9: 0 | OC9: 0 | OD9: 0 | OE9: 0 | OF9: 0 | OG9: 0 | OH9: 0 | OI9: 0 | OJ9: 0 | OK9: 0 | OL9: 0 | OM9: 0 | ON9: 0 | OO9: 0 | OP9: 0 | OQ9: 0 | OR9: 0 | OS9: 0 | OT9: 0 | OU9: 0 | OV9: 0 | OW9: 0 | OX9: 0 | OY9: 0 | OZ9: 0 | PA9: 0 | PB9: 0 | PC9: 0 | PD9: 0 | PE9: 0 | PF9: 0 | PG9: 0 | PH9: 0 | PI9: 0 | PJ9: 0 | PK9: 0 | PL9: 0 | PM9: 0 | PN9: 0 | PO9: 0 | PP9: 0 | PQ9: 0 | PR9: 0 | PS9: 0 | PT9: 0 | PU9: 0 | PV9: 0 | PW9: 0 | PX9: 0 | PY9: 0 | PZ9: 0 | QA9: 0 | QB9: 0 | QC9: 0 | QD9: 0 | QE9: 0 | QF9: 0 | QG9: 0 | QH9: 0 | QI9: 0 | QJ9: 0 | QK9: 0 | QL9: 0 | QM9: 0 | QN9: 0 | QO9: 0 | QP9: 0 | QQ9: 0 | QR9: 0 | QS9: 0 | QT9: 0 | QU9: 0 | QV9: 0 | QW9: 0 | QX9: 0 | QY9: 0 | QZ9: 0 | RA9: 0 | RB9: 0 | RC9: 0 | RD9: 0 | RE9: 0 | RF9: 0 | RG9: 0 | RH9: 0 | RI9: 0 | RJ9: 0 | RK9: 0 | RL9: 0 | RM9: 0 | RN9: 0 | RO9: 0 | RP9: 0 | RQ9: 0 | RR9: 0 | RS9: 0 | RT9: 0 | RU9: 0 | RV9: 0 | RW9: 0 | RX9: 0 | RY9: 0 | RZ9: 0 | SA9: 0 | SB9: 0 | SC9: 0 | SD9: 0 | SE9: 0 | SF9: 0
B10: 0 | C10: 12800025601141316 | D10: 朦胧黄 | E10: 150*200cm | F10: 0 | G10: 0 | H10: 0 | I10: 0 | J10: 33 | K10: 296 | L10: 0 | M10: 0 | N10: 1 | O10: 20 | P10: 50 | Q10: 58 | R10: 220 | S10: 117 | T10: 52 | U10: 0 | V10: 60 | W10: 182 | X10: 281 | Y10: 38 | Z10: 0 | AA10: 11 | AB10: 0 | AC10: 0 | AD10: 0 | AE10: 0 | AF10: 0 | AG10: 0 | AH10: 0 | AI10: 87 | AJ10: 89 | AK10: 0 | AL10: 53 | AM10: 8 | AN10: 104 | AO10: 0 | AP10: 0 | AQ10: 0 | AR10: 57 | AS10: 0 | AT10: 0 | AU10: 0 | AV10: 0 | AW10: 74 | AX10: 5 | AY10: 0 | AZ10: 2 | BA10: 0 | BB10: 0 | BC10: 77 | BD10: 190 | BE10: 16 | BF10: 2 | BG10: 59 | BH10: 0 | BI10: 0 | BJ10: 0 | BK10: 0 | BL10: 0 | BM10: 0 | BN10: 45 | BO10: 0 | BP10: 3 | BQ10: 0 | BR10: 0 | BS10: 0 | BT10: 8 | BU10: 0 | BV10: 0 | BW10: 0 | BX10: 0 | BY10: 0 | BZ10: 0 | CA10: 0 | CB10: 0 | CC10: 0 | CD10: 0 | CE10: 0 | CF10: 0 | CG10: 0 | CH10: 0 | CI10: 0 | CJ10: 0 | CK10: 0 | CL10: 0 | CM10: 14 | CN10: 1 | CO10: 0 | CP10: 0 | CQ10: 0 | CR10: 0 | CS10: 0 | CT10: 0 | CU10: 0 | CV10: 0 | CW10: 0 | CX10: 0 | CY10: 0 | CZ10: 0 | DA10: 0 | DB10: 0 | DC10: 0 | DD10: 0 | DE10: 0 | DF10: 0 | DG10: 0 | DH10: 0 | DI10: 0 | DJ10: 0 | DK10: 0 | DL10: 0 | DM10: 0 | DN10: 0 | DO10: 0 | DP10: 0 | DQ10: 0 | DR10: 0 | DS10: 0 | DT10: 0 | DU10: 0 | DV10: 0 | DW10: 0 | DX10: 0 | DY10: 0 | DZ10: 0 | EA10: 0 | EB10: 0 | EC10: 0 | ED10: 0 | EE10: 0 | EF10: 0 | EG10: 0 | EH10: 0 | EI10: 0 | EJ10: 0 | EK10: 0 | EL10: 0 | EM10: 0 | EN10: 0 | EO10: 0 | EP10: 0 | EQ10: 0 | ER10: 0 | ES10: 0 | ET10: 0 | EU10: 0 | EV10: 0 | EW10: 0 | EX10: 0 | EY10: 0 | EZ10: 0 | FA10: 0 | FB10: 0 | FC10: 0 | FD10: 0 | FE10: 0 | FF10: 0 | FG10: 0 | FH10: 0 | FI10: 0 | FJ10: 0 | FK10: 0 | FL10: 0 | FM10: 0 | FN10: 0 | FO10: 0 | FP10: 0 | FQ10: 0 | FR10: 0 | FS10: 0 | FT10: 0 | FU10: 0 | FV10: 0 | FW10: 0 | FX10: 0 | FY10: 0 | FZ10: 0 | GA10: 0 | GB10: 0 | GC10: 0 | GD10: 0 | GE10: 0 | GF10: 0 | GG10: 0 | GH10: 0 | GI10: 0 | GJ10: 0 | GK10: 0 | GL10: 0 | GM10: 0 | GN10: 0 | GO10: 0 | GP10: 0 | GQ10: 0 | GR10: 0 | GS10: 0 | GT10: 0 | GU10: 0 | GV10: 0 | GW10: 0 | GX10: 0 | GY10: 0 | GZ10: 0 | HA10: 0 | HB10: 0 | HC10: 0 | HD10: 0 | HE10: 0 | HF10: 0 | HG10: 0 | HH10: 0 | HI10: 0 | HJ10: 0 | HK10: 0 | HL10: 0 | HM10: 0 | HN10: 0 | HO10: 0 | HP10: 0 | HQ10: 0 | HR10: 0 | HS10: 0 | HT10: 0 | HU10: 0 | HV10: 0 | HW10: 0 | HX10: 0 | HY10: 0 | HZ10: 0 | IA10: 0 | IB10: 0 | IC10: 0 | ID10: 0 | IE10: 0 | IF10: 0 | IG10: 0 | IH10: 0 | II10: 0 | IJ10: 0 | IK10: 0 | IL10: 0 | IM10: 0 | IN10: 0 | IO10: 0 | IP10: 0 | IQ10: 0 | IR10: 0 | IS10: 0 | IT10: 0 | IU10: 0 | IV10: 0 | IW10: 0 | IX10: 0 | IY10: 0 | IZ10: 0 | JA10: 0 | JB10: 0 | JC10: 0 | JD10: 0 | JE10: 0 | JF10: 0 | JG10: 0 | JH10: 0 | JI10: 0 | JJ10: 0 | JK10: 0 | JL10: 0 | JM10: 0 | JN10: 0 | JO10: 0 | JP10: 0 | JQ10: 0 | JR10: 0 | JS10: 0 | JT10: 0 | JU10: 0 | JV10: 0 | JW10: 0 | JX10: 0 | JY10: 0 | JZ10: 0 | KA10: 0 | KB10: 0 | KC10: 0 | KD10: 0 | KE10: 0 | KF10: 0 | KG10: 0 | KH10: 0 | KI10: 0 | KJ10: 0 | KK10: 0 | KL10: 0 | KM10: 0 | KN10: 0 | KO10: 0 | KP10: 0 | KQ10: 0 | KR10: 0 | KS10: 0 | KT10: 0 | KU10: 0 | KV10: 0 | KW10: 0 | KX10: 0 | KY10: 0 | KZ10: 0 | LA10: 0 | LB10: 0 | LC10: 0 | LD10: 0 | LE10: 0 | LF10: 0 | LG10: 0 | LH10: 0 | LI10: 0 | LJ10: 0 | LK10: 0 | LL10: 0 | LM10: 0 | LN10: 0 | LO10: 0 | LP10: 0 | LQ10: 0 | LR10: 0 | LS10: 0 | LT10: 0 | LU10: 0 | LV10: 0 | LW10: 0 | LX10: 0 | LY10: 0 | LZ10: 0 | MA10: 0 | MB10: 0 | MC10: 0 | MD10: 0 | ME10: 0 | MF10: 0 | MG10: 0 | MH10: 0 | MI10: 0 | MJ10: 0 | MK10: 0 | ML10: 0 | MM10: 0 | MN10: 0 | MO10: 0 | MP10: 0 | MQ10: 0 | MR10: 0 | MS10: 0 | MT10: 0 | MU10: 0 | MV10: 0 | MW10: 0 | MX10: 0 | MY10: 0 | MZ10: 0 | NA10: 0 | NB10: 0 | NC10: 0 | ND10: 0 | NE10: 0 | NF10: 0 | NG10: 0 | NH10: 0 | NI10: 0 | NJ10: 0 | NK10: 0 | NL10: 0 | NM10: 0 | NN10: 0 | NO10: 0 | NP10: 0 | NQ10: 0 | NR10: 0 | NS10: 0 | NT10: 0 | NU10: 0 | NV10: 0 | NW10: 0 | NX10: 0 | NY10: 0 | NZ10: 0 | OA10: 0 | OB10: 0 | OC10: 0 | OD10: 0 | OE10: 0 | OF10: 0 | OG10: 0 | OH10: 0 | OI10: 0 | OJ10: 0 | OK10: 0 | OL10: 0 | OM10: 0 | ON10: 0 | OO10: 0 | OP10: 0 | OQ10: 0 | OR10: 0 | OS10: 0 | OT10: 0 | OU10: 0 | OV10: 0 | OW10: 0 | OX10: 0 | OY10: 0 | OZ10: 0 | PA10: 0 | PB10: 0 | PC10: 0 | PD10: 0 | PE10: 0 | PF10: 0 | PG10: 0 | PH10: 0 | PI10: 0 | PJ10: 0 | PK10: 0 | PL10: 0 | PM10: 0 | PN10: 0 | PO10: 0 | PP10: 0 | PQ10: 0 | PR10: 0 | PS10: 0 | PT10: 0 | PU10: 0 | PV10: 0 | PW10: 0 | PX10: 0 | PY10: 0 | PZ10: 0 | QA10: 0 | QB10: 0 | QC10: 0 | QD10: 0 | QE10: 0 | QF10: 0 | QG10: 0 | QH10: 0 | QI10: 0 | QJ10: 0 | QK10: 0 | QL10: 0 | QM10: 0 | QN10: 0 | QO10: 0 | QP10: 0 | QQ10: 0 | QR10: 0 | QS10: 0 | QT10: 0 | QU10: 0 | QV10: 0 | QW10: 0 | QX10: 0 | QY10: 0 | QZ10: 0 | RA10: 0 | RB10: 0 | RC10: 0 | RD10: 0 | RE10: 0 | RF10: 0 | RG10: 0 | RH10: 0 | RI10: 0 | RJ10: 0 | RK10: 0 | RL10: 0 | RM10: 0 | RN10: 0 | RO10: 0 | RP10: 0 | RQ10: 0 | RR10: 0 | RS10: 0 | RT10: 0 | RU10: 0 | RV10: 0 | RW10: 0 | RX10: 0 | RY10: 0 | RZ10: 0 | SA10: 0 | SB10: 0 | SC10: 0 | SD10: 0 | SE10: 0 | SF10: 0
B11: 0 | C11: 12800025601141314 | D11: 0 | E11: 200*230cm | F11: 0 | G11: 0 | H11: 0 | I11: 0 | J11: 33 | K11: 310 | L11: 0 | M11: 0 | N11: 149 | O11: 153 | P11: 70 | Q11: 172 | R11: 109 | S11: 0 | T11: 117 | U11: 160 | V11: 146 | W11: 0 | X11: 40 | Y11: 156 | Z11: 245 | AA11: 0 | AB11: 186 | AC11: 0 | AD11: 28 | AE11: 167 | AF11: 72 | AG11: 0 | AH11: 315 | AI11: 101 | AJ11: 11 | AK11: 3 | AL11: 101 | AM11: 10 | AN11: 114 | AO11: 1 | AP11: 0 | AQ11: 48 | AR11: 37 | AS11: 0 | AT11: 0 | AU11: 0 | AV11: 0 | AW11: 1 | AX11: 0 | AY11: 4 | AZ11: 7 | BA11: 1 | BB11: 0 | BC11: 56 | BD11: 7 | BE11: 0 | BF11: 0 | BG11: 0 | BH11: 0 | BI11: 0 | BJ11: 0 | BK11: 0 | BL11: 0 | BM11: 0 | BN11: 0 | BO11: 0 | BP11: 23 | BQ11: 0 | BR11: 0 | BS11: 0 | BT11: 0 | BU11: 0 | BV11: 0 | BW11: 0 | BX11: 0 | BY11: 0 | BZ11: 0 | CA11: 0 | CB11: 0 | CC11: 0 | CD11: 0 | CE11: 0 | CF11: 0 | CG11: 0 | CH11: 0 | CI11: 0 | CJ11: 0 | CK11: 0 | CL11: 0 | CM11: 0 | CN11: 0 | CO11: 0 | CP11: 0 | CQ11: 0 | CR11: 0 | CS11: 0 | CT11: 0 | CU11: 0 | CV11: 0 | CW11: 0 | CX11: 0 | CY11: 0 | CZ11: 0 | DA11: 0 | DB11: 0 | DC11: 0 | DD11: 0 | DE11: 0 | DF11: 0 | DG11: 0 | DH11: 0 | DI11: 0 | DJ11: 0 | DK11: 0 | DL11: 0 | DM11: 0 | DN11: 0 | DO11: 0 | DP11: 0 | DQ11: 0 | DR11: 0 | DS11: 0 | DT11: 0 | DU11: 0 | DV11: 0 | DW11: 0 | DX11: 0 | DY11: 0 | DZ11: 0 | EA11: 0 | EB11: 0 | EC11: 0 | ED11: 0 | EE11: 0 | EF11: 0 | EG11: 0 | EH11: 0 | EI11: 0 | EJ11: 0 | EK11: 0 | EL11: 0 | EM11: 0 | EN11: 0 | EO11: 0 | EP11: 0 | EQ11: 0 | ER11: 0 | ES11: 0 | ET11: 0 | EU11: 0 | EV11: 0 | EW11: 0 | EX11: 0 | EY11: 0 | EZ11: 0 | FA11: 0 | FB11: 0 | FC11: 0 | FD11: 0 | FE11: 0 | FF11: 0 | FG11: 0 | FH11: 0 | FI11: 0 | FJ11: 0 | FK11: 0 | FL11: 0 | FM11: 0 | FN11: 0 | FO11: 0 | FP11: 0 | FQ11: 0 | FR11: 0 | FS11: 0 | FT11: 0 | FU11: 0 | FV11: 0 | FW11: 0 | FX11: 0 | FY11: 0 | FZ11: 0 | GA11: 0 | GB11: 0 | GC11: 0 | GD11: 0 | GE11: 0 | GF11: 0 | GG11: 0 | GH11: 0 | GI11: 0 | GJ11: 0 | GK11: 0 | GL11: 0 | GM11: 0 | GN11: 0 | GO11: 0 | GP11: 0 | GQ11: 0 | GR11: 0 | GS11: 0 | GT11: 0 | GU11: 0 | GV11: 0 | GW11: 0 | GX11: 0 | GY11: 0 | GZ11: 0 | HA11: 0 | HB11: 0 | HC11: 0 | HD11: 0 | HE11: 0 | HF11: 0 | HG11: 0 | HH11: 0 | HI11: 0 | HJ11: 0 | HK11: 0 | HL11: 0 | HM11: 0 | HN11: 0 | HO11: 0 | HP11: 0 | HQ11: 0 | HR11: 0 | HS11: 0 | HT11: 0 | HU11: 0 | HV11: 0 | HW11: 0 | HX11: 0 | HY11: 0 | HZ11: 0 | IA11: 0 | IB11: 0 | IC11: 0 | ID11: 0 | IE11: 0 | IF11: 0 | IG11: 0 | IH11: 0 | II11: 0 | IJ11: 0 | IK11: 0 | IL11: 0 | IM11: 0 | IN11: 0 | IO11: 0 | IP11: 0 | IQ11: 0 | IR11: 0 | IS11: 0 | IT11: 0 | IU11: 0 | IV11: 0 | IW11: 0 | IX11: 0 | IY11: 0 | IZ11: 0 | JA11: 0 | JB11: 0 | JC11: 0 | JD11: 0 | JE11: 0 | JF11: 0 | JG11: 0 | JH11: 0 | JI11: 0 | JJ11: 0 | JK11: 0 | JL11: 0 | JM11: 0 | JN11: 0 | JO11: 0 | JP11: 0 | JQ11: 0 | JR11: 0 | JS11: 0 | JT11: 0 | JU11: 0 | JV11: 0 | JW11: 0 | JX11: 0 | JY11: 0 | JZ11: 0 | KA11: 0 | KB11: 0 | KC11: 0 | KD11: 0 | KE11: 0 | KF11: 0 | KG11: 0 | KH11: 0 | KI11: 0 | KJ11: 0 | KK11: 0 | KL11: 0 | KM11: 0 | KN11: 0 | KO11: 0 | KP11: 0 | KQ11: 0 | KR11: 0 | KS11: 0 | KT11: 0 | KU11: 0 | KV11: 0 | KW11: 0 | KX11: 0 | KY11: 0 | KZ11: 0 | LA11: 0 | LB11: 0 | LC11: 0 | LD11: 0 | LE11: 0 | LF11: 0 | LG11: 0 | LH11: 0 | LI11: 0 | LJ11: 0 | LK11: 0 | LL11: 0 | LM11: 0 | LN11: 0 | LO11: 0 | LP11: 0 | LQ11: 0 | LR11: 0 | LS11: 0 | LT11: 0 | LU11: 0 | LV11: 0 | LW11: 0 | LX11: 0 | LY11: 0 | LZ11: 0 | MA11: 0 | MB11: 0 | MC11: 0 | MD11: 0 | ME11: 0 | MF11: 0 | MG11: 0 | MH11: 0 | MI11: 0 | MJ11: 0 | MK11: 0 | ML11: 0 | MM11: 0 | MN11: 0 | MO11: 0 | MP11: 0 | MQ11: 0 | MR11: 0 | MS11: 0 | MT11: 0 | MU11: 0 | MV11: 0 | MW11: 0 | MX11: 0 | MY11: 0 | MZ11: 0 | NA11: 0 | NB11: 0 | NC11: 0 | ND11: 0 | NE11: 0 | NF11: 0 | NG11: 0 | NH11: 0 | NI11: 0 | NJ11: 0 | NK11: 0 | NL11: 0 | NM11: 0 | NN11: 0 | NO11: 0 | NP11: 0 | NQ11: 0 | NR11: 0 | NS11: 0 | NT11: 0 | NU11: 0 | NV11: 0 | NW11: 0 | NX11: 0 | NY11: 0 | NZ11: 0 | OA11: 0 | OB11: 0 | OC11: 0 | OD11: 0 | OE11: 0 | OF11: 0 | OG11: 0 | OH11: 0 | OI11: 0 | OJ11: 0 | OK11: 0 | OL11: 0 | OM11: 0 | ON11: 0 | OO11: 0 | OP11: 0 | OQ11: 0 | OR11: 0 | OS11: 0 | OT11: 0 | OU11: 0 | OV11: 0 | OW11: 0 | OX11: 0 | OY11: 0 | OZ11: 0 | PA11: 0 | PB11: 0 | PC11: 0 | PD11: 0 | PE11: 0 | PF11: 0 | PG11: 0 | PH11: 0 | PI11: 0 | PJ11: 0 | PK11: 0 | PL11: 0 | PM11: 0 | PN11: 0 | PO11: 0 | PP11: 0 | PQ11: 0 | PR11: 0 | PS11: 0 | PT11: 0 | PU11: 0 | PV11: 0 | PW11: 0 | PX11: 0 | PY11: 0 | PZ11: 0 | QA11: 0 | QB11: 0 | QC11: 0 | QD11: 0 | QE11: 0 | QF11: 0 | QG11: 0 | QH11: 0 | QI11: 0 | QJ11: 0 | QK11: 0 | QL11: 0 | QM11: 0 | QN11: 0 | QO11: 0 | QP11: 0 | QQ11: 0 | QR11: 0 | QS11: 0 | QT11: 0 | QU11: 0 | QV11: 0 | QW11: 0 | QX11: 0 | QY11: 0 | QZ11: 0 | RA11: 0 | RB11: 0 | RC11: 0 | RD11: 0 | RE11: 0 | RF11: 0 | RG11: 0 | RH11: 0 | RI11: 0 | RJ11: 0 | RK11: 0 | RL11: 0 | RM11: 0 | RN11: 0 | RO11: 0 | RP11: 0 | RQ11: 0 | RR11: 0 | RS11: 0 | RT11: 0 | RU11: 0 | RV11: 0 | RW11: 0 | RX11: 0 | RY11: 0 | RZ11: 0 | SA11: 0 | SB11: 0 | SC11: 0 | SD11: 0 | SE11: 0 | SF11: 0
B12: 0 | C12: 12800025601141313 | D12: 0 | E12: 220*240cm | F12: 0 | G12: 0 | H12: 0 | I12: 0 | J12: 27 | K12: 445 | L12: 39 | M12: 136 | N12: 154 | O12: 3 | P12: 0 | Q12: 0 | R12: 24 | S12: 3 | T12: 91 | U12: 0 | V12: 0 | W12: 106 | X12: 95 | Y12: 176 | Z12: 88 | AA12: 0 | AB12: 10 | AC12: 0 | AD12: 0 | AE12: 58 | AF12: 352 | AG12: 0 | AH12: 0 | AI12: 0 | AJ12: 0 | AK12: 216 | AL12: 58 | AM12: 11 | AN12: 0 | AO12: 23 | AP12: 113 | AQ12: 12 | AR12: 14 | AS12: 0 | AT12: 0 | AU12: 0 | AV12: 0 | AW12: 0 | AX12: 43 | AY12: 17 | AZ12: 0 | BA12: 0 | BB12: 0 | BC12: 0 | BD12: 0 | BE12: 0 | BF12: 0 | BG12: 0 | BH12: 0 | BI12: 0 | BJ12: 0 | BK12: 0 | BL12: 0 | BM12: 0 | BN12: 0 | BO12: 0 | BP12: 2 | BQ12: 0 | BR12: 0 | BS12: 0 | BT12: 0 | BU12: 0 | BV12: 0 | BW12: 0 | BX12: 0 | BY12: 0 | BZ12: 0 | CA12: 0 | CB12: 0 | CC12: 0 | CD12: 1 | CE12: 0 | CF12: 0 | CG12: 0 | CH12: 0 | CI12: 0 | CJ12: 0 | CK12: 0 | CL12: 0 | CM12: 0 | CN12: 0 | CO12: 0 | CP12: 0 | CQ12: 0 | CR12: 0 | CS12: 0 | CT12: 0 | CU12: 0 | CV12: 0 | CW12: 0 | CX12: 0 | CY12: 0 | CZ12: 0 | DA12: 0 | DB12: 0 | DC12: 0 | DD12: 0 | DE12: 0 | DF12: 0 | DG12: 0 | DH12: 0 | DI12: 0 | DJ12: 0 | DK12: 0 | DL12: 0 | DM12: 0 | DN12: 0 | DO12: 0 | DP12: 0 | DQ12: 0 | DR12: 0 | DS12: 0 | DT12: 0 | DU12: 0 | DV12: 0 | DW12: 0 | DX12: 0 | DY12: 0 | DZ12: 0 | EA12: 0 | EB12: 0 | EC12: 0 | ED12: 0 | EE12: 0 | EF12: 0 | EG12: 0 | EH12: 0 | EI12: 0 | EJ12: 0 | EK12: 0 | EL12: 0 | EM12: 0 | EN12: 0 | EO12: 0 | EP12: 0 | EQ12: 0 | ER12: 0 | ES12: 0 | ET12: 0 | EU12: 0 | EV12: 0 | EW12: 0 | EX12: 0 | EY12: 0 | EZ12: 0 | FA12: 0 | FB12: 0 | FC12: 0 | FD12: 0 | FE12: 0 | FF12: 0 | FG12: 0 | FH12: 0 | FI12: 0 | FJ12: 0 | FK12: 0 | FL12: 0 | FM12: 0 | FN12: 0 | FO12: 0 | FP12: 0 | FQ12: 0 | FR12: 0 | FS12: 0 | FT12: 0 | FU12: 0 | FV12: 0 | FW12: 0 | FX12: 0 | FY12: 0 | FZ12: 0 | GA12: 0 | GB12: 0 | GC12: 0 | GD12: 0 | GE12: 0 | GF12: 0 | GG12: 0 | GH12: 0 | GI12: 0 | GJ12: 0 | GK12: 0 | GL12: 0 | GM12: 0 | GN12: 0 | GO12: 0 | GP12: 0 | GQ12: 0 | GR12: 0 | GS12: 0 | GT12: 0 | GU12: 0 | GV12: 0 | GW12: 0 | GX12: 0 | GY12: 0 | GZ12: 0 | HA12: 0 | HB12: 0 | HC12: 0 | HD12: 0 | HE12: 0 | HF12: 0 | HG12: 0 | HH12: 0 | HI12: 0 | HJ12: 0 | HK12: 0 | HL12: 0 | HM12: 0 | HN12: 0 | HO12: 0 | HP12: 0 | HQ12: 0 | HR12: 0 | HS12: 0 | HT12: 0 | HU12: 0 | HV12: 0 | HW12: 0 | HX12: 0 | HY12: 0 | HZ12: 0 | IA12: 0 | IB12: 0 | IC12: 0 | ID12: 0 | IE12: 0 | IF12: 0 | IG12: 0 | IH12: 0 | II12: 0 | IJ12: 0 | IK12: 0 | IL12: 0 | IM12: 0 | IN12: 0 | IO12: 0 | IP12: 0 | IQ12: 0 | IR12: 0 | IS12: 0 | IT12: 0 | IU12: 0 | IV12: 0 | IW12: 0 | IX12: 0 | IY12: 0 | IZ12: 0 | JA12: 0 | JB12: 0 | JC12: 0 | JD12: 0 | JE12: 0 | JF12: 0 | JG12: 0 | JH12: 0 | JI12: 0 | JJ12: 0 | JK12: 0 | JL12: 0 | JM12: 0 | JN12: 0 | JO12: 0 | JP12: 0 | JQ12: 0 | JR12: 0 | JS12: 0 | JT12: 0 | JU12: 0 | JV12: 0 | JW12: 0 | JX12: 0 | JY12: 0 | JZ12: 0 | KA12: 0 | KB12: 0 | KC12: 0 | KD12: 0 | KE12: 0 | KF12: 0 | KG12: 0 | KH12: 0 | KI12: 0 | KJ12: 0 | KK12: 0 | KL12: 0 | KM12: 0 | KN12: 0 | KO12: 0 | KP12: 0 | KQ12: 0 | KR12: 0 | KS12: 0 | KT12: 0 | KU12: 0 | KV12: 0 | KW12: 0 | KX12: 0 | KY12: 0 | KZ12: 0 | LA12: 0 | LB12: 0 | LC12: 0 | LD12: 0 | LE12: 0 | LF12: 0 | LG12: 0 | LH12: 0 | LI12: 0 | LJ12: 0 | LK12: 0 | LL12: 0 | LM12: 0 | LN12: 0 | LO12: 0 | LP12: 0 | LQ12: 0 | LR12: 0 | LS12: 0 | LT12: 0 | LU12: 0 | LV12: 0 | LW12: 0 | LX12: 0 | LY12: 0 | LZ12: 0 | MA12: 0 | MB12: 0 | MC12: 0 | MD12: 0 | ME12: 0 | MF12: 0 | MG12: 0 | MH12: 0 | MI12: 0 | MJ12: 0 | MK12: 0 | ML12: 0 | MM12: 0 | MN12: 0 | MO12: 0 | MP12: 0 | MQ12: 0 | MR12: 0 | MS12: 0 | MT12: 0 | MU12: 0 | MV12: 0 | MW12: 0 | MX12: 0 | MY12: 0 | MZ12: 0 | NA12: 0 | NB12: 0 | NC12: 0 | ND12: 0 | NE12: 0 | NF12: 0 | NG12: 0 | NH12: 0 | NI12: 0 | NJ12: 0 | NK12: 0 | NL12: 0 | NM12: 0 | NN12: 0 | NO12: 0 | NP12: 0 | NQ12: 0 | NR12: 0 | NS12: 0 | NT12: 0 | NU12: 0 | NV12: 0 | NW12: 0 | NX12: 0 | NY12: 0 | NZ12: 0 | OA12: 0 | OB12: 0 | OC12: 0 | OD12: 0 | OE12: 0 | OF12: 0 | OG12: 0 | OH12: 0 | OI12: 0 | OJ12: 0 | OK12: 0 | OL12: 0 | OM12: 0 | ON12: 0 | OO12: 0 | OP12: 0 | OQ12: 0 | OR12: 0 | OS12: 0 | OT12: 0 | OU12: 0 | OV12: 0 | OW12: 0 | OX12: 0 | OY12: 0 | OZ12: 0 | PA12: 0 | PB12: 0 | PC12: 0 | PD12: 0 | PE12: 0 | PF12: 0 | PG12: 0 | PH12: 0 | PI12: 0 | PJ12: 0 | PK12: 0 | PL12: 0 | PM12: 0 | PN12: 0 | PO12: 0 | PP12: 0 | PQ12: 0 | PR12: 0 | PS12: 0 | PT12: 0 | PU12: 0 | PV12: 0 | PW12: 0 | PX12: 0 | PY12: 0 | PZ12: 0 | QA12: 0 | QB12: 0 | QC12: 0 | QD12: 0 | QE12: 0 | QF12: 0 | QG12: 0 | QH12: 0 | QI12: 0 | QJ12: 0 | QK12: 0 | QL12: 0 | QM12: 0 | QN12: 0 | QO12: 0 | QP12: 0 | QQ12: 0 | QR12: 0 | QS12: 0 | QT12: 0 | QU12: 0 | QV12: 0 | QW12: 0 | QX12: 0 | QY12: 0 | QZ12: 0 | RA12: 0 | RB12: 0 | RC12: 0 | RD12: 0 | RE12: 0 | RF12: 0 | RG12: 0 | RH12: 0 | RI12: 0 | RJ12: 0 | RK12: 0 | RL12: 0 | RM12: 0 | RN12: 0 | RO12: 0 | RP12: 0 | RQ12: 0 | RR12: 0 | RS12: 0 | RT12: 0 | RU12: 0 | RV12: 0 | RW12: 0 | RX12: 0 | RY12: 0 | RZ12: 0 | SA12: 0 | SB12: 0 | SC12: 0 | SD12: 0 | SE12: 0 | SF12: 0
B13: 0 | C13: 合计 | D13: 0 | E13: 0 | F13: 0 | G13: 0 | H13: 0 | I13: 0 | J13: 175 | K13: 1612 | L13: 163 | M13: 136 | N13: 497 | O13: 364 | P13: 409 | Q13: 513 | R13: 517 | S13: 457 | T13: 418 | U13: 362 | V13: 822 | W13: 427 | X13: 659 | Y13: 639 | Z13: 431 | AA13: 326 | AB13: 534 | AC13: 437 | AD13: 601 | AE13: 564 | AF13: 685 | AG13: 0 | AH13: 781 | AI13: 541 | AJ13: 608 | AK13: 723 | AL13: 772 | AM13: 970 | AN13: 566 | AO13: 663 | AP13: 802 | AQ13: 892 | AR13: 908 | AS13: 864 | AT13: 1066 | AU13: 931 | AV13: 1235 | AW13: 1560 | AX13: 1582 | AY13: 1212 | AZ13: 863 | BA13: 729 | BB13: 946 | BC13: 1217 | BD13: 1208 | BE13: 1201 | BF13: 1143 | BG13: 1626 | BH13: 1264 | BI13: 991 | BJ13: 718 | BK13: 0 | BL13: 889 | BM13: 1387 | BN13: 1129 | BO13: 1532 | BP13: 1227 | BQ13: 996 | BR13: 1492 | BS13: 783 | BT13: 1390 | BU13: 546 | BV13: 47 | BW13: 156 | BX13: 331 | BY13: 0 | BZ13: 0 | CA13: 352 | CB13: 556 | CC13: 620 | CD13: 614 | CE13: 737 | CF13: 597 | CG13: 170 | CH13: 7 | CI13: 531 | CJ13: 279 | CK13: 388 | CL13: 162 | CM13: 593 | CN13: 1165 | CO13: 1165 | CP13: 942 | CQ13: 85 | CR13: 286 | CS13: 0 | CT13: 139 | CU13: 0 | CV13: 232 | CW13: 314 | CX13: 0 | CY13: 184 | CZ13: 0 | DA13: 0 | DB13: 0 | DC13: 0 | DD13: 0 | DE13: 0 | DF13: 0 | DG13: 0 | DH13: 0 | DI13: 0 | DJ13: 0 | DK13: 0 | DL13: 0 | DM13: 0 | DN13: 0 | DO13: 0 | DP13: 0 | DQ13: 0 | DR13: 0 | DS13: 0 | DT13: 0 | DU13: 0 | DV13: 0 | DW13: 0 | DX13: 0 | DY13: 0 | DZ13: 0 | EA13: 0 | EB13: 0 | EC13: 0 | ED13: 0 | EE13: 0 | EF13: 0 | EG13: 0 | EH13: 0 | EI13: 0 | EJ13: 0 | EK13: 0 | EL13: 0 | EM13: 0 | EN13: 0 | EO13: 0 | EP13: 0 | EQ13: 0 | ER13: 0 | ES13: 0 | ET13: 0 | EU13: 0 | EV13: 0 | EW13: 0 | EX13: 0 | EY13: 0 | EZ13: 0 | FA13: 0 | FB13: 0 | FC13: 0 | FD13: 0 | FE13: 0 | FF13: 0 | FG13: 0 | FH13: 0 | FI13: 0 | FJ13: 0 | FK13: 0 | FL13: 0 | FM13: 0 | FN13: 0 | FO13: 0 | FP13: 0 | FQ13: 0 | FR13: 0 | FS13: 0 | FT13: 0 | FU13: 0 | FV13: 0 | FW13: 0 | FX13: 0 | FY13: 0 | FZ13: 0 | GA13: 0 | GB13: 0 | GC13: 0 | GD13: 0 | GE13: 0 | GF13: 0 | GG13: 0 | GH13: 0 | GI13: 0 | GJ13: 0 | GK13: 0 | GL13: 0 | GM13: 0 | GN13: 0 | GO13: 0 | GP13: 0 | GQ13: 0 | GR13: 0 | GS13: 0 | GT13: 0 | GU13: 0 | GV13: 0 | GW13: 0 | GX13: 0 | GY13: 0 | GZ13: 0 | HA13: 0 | HB13: 0 | HC13: 0 | HD13: 0 | HE13: 0 | HF13: 0 | HG13: 0 | HH13: 0 | HI13: 0 | HJ13: 0 | HK13: 0 | HL13: 0 | HM13: 0 | HN13: 0 | HO13: 0 | HP13: 0 | HQ13: 0 | HR13: 0 | HS13: 0 | HT13: 0 | HU13: 0 | HV13: 0 | HW13: 0 | HX13: 0 | HY13: 0 | HZ13: 0 | IA13: 0 | IB13: 0 | IC13: 0 | ID13: 0 | IE13: 0 | IF13: 0 | IG13: 0 | IH13: 0 | II13: 0 | IJ13: 0 | IK13: 0 | IL13: 0 | IM13: 0 | IN13: 0 | IO13: 0 | IP13: 0 | IQ13: 0 | IR13: 0 | IS13: 0 | IT13: 0 | IU13: 0 | IV13: 0 | IW13: 0 | IX13: 0 | IY13: 0 | IZ13: 0 | JA13: 0 | JB13: 0 | JC13: 0 | JD13: 0 | JE13: 0 | JF13: 0 | JG13: 0 | JH13: 0 | JI13: 0 | JJ13: 0 | JK13: 0 | JL13: 0 | JM13: 0 | JN13: 0 | JO13: 0 | JP13: 0 | JQ13: 0 | JR13: 0 | JS13: 0 | JT13: 0 | JU13: 0 | JV13: 0 | JW13: 0 | JX13: 0 | JY13: 0 | JZ13: 0 | KA13: 0 | KB13: 0 | KC13: 0 | KD13: 0 | KE13: 0 | KF13: 0 | KG13: 0 | KH13: 0 | KI13: 0 | KJ13: 0 | KK13: 0 | KL13: 0 | KM13: 0 | KN13: 0 | KO13: 0 | KP13: 0 | KQ13: 0 | KR13: 0 | KS13: 0 | KT13: 0 | KU13: 0 | KV13: 0 | KW13: 0 | KX13: 0 | KY13: 0 | KZ13: 0 | LA13: 0 | LB13: 0 | LC13: 0 | LD13: 0 | LE13: 0 | LF13: 0 | LG13: 0 | LH13: 0 | LI13: 0 | LJ13: 0 | LK13: 0 | LL13: 0 | LM13: 0 | LN13: 0 | LO13: 0 | LP13: 0 | LQ13: 0 | LR13: 0 | LS13: 0 | LT13: 0 | LU13: 0 | LV13: 0 | LW13: 0 | LX13: 0 | LY13: 0 | LZ13: 0 | MA13: 0 | MB13: 0 | MC13: 0 | MD13: 0 | ME13: 0 | MF13: 0 | MG13: 0 | MH13: 0 | MI13: 0 | MJ13: 0 | MK13: 0 | ML13: 0 | MM13: 0 | MN13: 0 | MO13: 0 | MP13: 0 | MQ13: 0 | MR13: 0 | MS13: 0 | MT13: 0 | MU13: 0 | MV13: 0 | MW13: 0 | MX13: 0 | MY13: 0 | MZ13: 0 | NA13: 0 | NB13: 0 | NC13: 0 | ND13: 0 | NE13: 0 | NF13: 0 | NG13: 0 | NH13: 0 | NI13: 0 | NJ13: 0 | NK13: 0 | NL13: 0 | NM13: 0 | NN13: 0 | NO13: 0 | NP13: 0 | NQ13: 0 | NR13: 0 | NS13: 0 | NT13: 0 | NU13: 0 | NV13: 0 | NW13: 0 | NX13: 0 | NY13: 0 | NZ13: 0 | OA13: 0 | OB13: 0 | OC13: 0 | OD13: 0 | OE13: 0 | OF13: 0 | OG13: 0 | OH13: 0 | OI13: 0 | OJ13: 0 | OK13: 0 | OL13: 0 | OM13: 0 | ON13: 0 | OO13: 0 | OP13: 0 | OQ13: 0 | OR13: 0 | OS13: 0 | OT13: 0 | OU13: 0 | OV13: 0 | OW13: 0 | OX13: 0 | OY13: 0 | OZ13: 0 | PA13: 0 | PB13: 0 | PC13: 0 | PD13: 0 | PE13: 0 | PF13: 0 | PG13: 0 | PH13: 0 | PI13: 0 | PJ13: 0 | PK13: 0 | PL13: 0 | PM13: 0 | PN13: 0 | PO13: 0 | PP13: 0 | PQ13: 0 | PR13: 0 | PS13: 0 | PT13: 0 | PU13: 0 | PV13: 0 | PW13: 0 | PX13: 0 | PY13: 0 | PZ13: 0 | QA13: 0 | QB13: 0 | QC13: 0 | QD13: 0 | QE13: 0 | QF13: 0 | QG13: 0 | QH13: 0 | QI13: 0 | QJ13: 0 | QK13: 0 | QL13: 0 | QM13: 0 | QN13: 0 | QO13: 0 | QP13: 0 | QQ13: 0 | QR13: 0 | QS13: 0 | QT13: 0 | QU13: 0 | QV13: 0 | QW13: 0 | QX13: 0 | QY13: 0 | QZ13: 0 | RA13: 0 | RB13: 0 | RC13: 0 | RD13: 0 | RE13: 0 | RF13: 0 | RG13: 0 | RH13: 0 | RI13: 0 | RJ13: 0 | RK13: 0 | RL13: 0 | RM13: 0 | RN13: 0 | RO13: 0 | RP13: 0 | RQ13: 0 | RR13: 0 | RS13: 0 | RT13: 0 | RU13: 0 | RV13: 0 | RW13: 0 | RX13: 0 | RY13: 0 | RZ13: 0 | SA13: 0 | SB13: 0 | SC13: 0 | SD13: 0 | SE13: 0 | SF13: 0
B14: 0 | C14: 0 | D14: 0 | E14: 0 | F14: 0 | G14: 0 | H14: 0 | I14: 0 | J14: 0 | K14: 0 | L14: 0 | M14: 0 | N14: 0 | O14: 0 | P14: 0 | Q14: 0 | R14: 0 | S14: 0 | T14: 0 | U14: 0 | V14: 0 | W14: 0 | X14: 0 | Y14: 0 | Z14: 0 | AA14: 0 | AB14: 0 | AC14: 0 | AD14: 0 | AE14: 0 | AF14: 0 | AG14: 0 | AH14: 0 | AI14: 0 | AJ14: 0 | AK14: 0 | AL14: 0 | AM14: 0 | AN14: 0 | AO14: 0 | AP14: 0 | AQ14: 0 | AR14: 0 | AS14: 0 | AT14: 0 | AU14: 0 | AV14: 0 | AW14: 0 | AX14: 0 | AY14: 0 | AZ14: 0 | BA14: 0 | BB14: 0 | BC14: 0 | BD14: 0 | BE14: 0 | BF14: 0 | BG14: 0 | BH14: 0 | BI14: 0 | BJ14: 0 | BK14: 0 | BL14: 0 | BM14: 0 | BN14: 0 | BO14: 0 | BP14: 0 | BQ14: 0 | BR14: 0 | BS14: 0 | BT14: 0 | BU14: 0 | BV14: 0 | BW14: 0 | BX14: 0 | BY14: 0 | BZ14: 0 | CA14: 0 | CB14: 0 | CC14: 0 | CD14: 0 | CE14: 0 | CF14: 0 | CG14: 0 | CH14: 0 | CI14: 0 | CJ14: 0 | CK14: 0 | CL14: 0 | CM14: 0 | CN14: 0 | CO14: 0 | CP14: 0 | CQ14: 0 | CR14: 0 | CS14: 0 | CT14: 0 | CU14: 0 | CV14: 0 | CW14: 0 | CX14: 0 | CY14: 0 | CZ14: 0 | DA14: 0 | DB14: 0 | DC14: 0 | DD14: 0 | DE14: 0 | DF14: 0 | DG14: 0 | DH14: 0 | DI14: 0 | DJ14: 0 | DK14: 0 | DL14: 0 | DM14: 0 | DN14: 0 | DO14: 0 | DP14: 0 | DQ14: 0 | DR14: 0 | DS14: 0 | DT14: 0 | DU14: 0 | DV14: 0 | DW14: 0 | DX14: 0 | DY14: 0 | DZ14: 0 | EA14: 0 | EB14: 0 | EC14: 0 | ED14: 0 | EE14: 0 | EF14: 0 | EG14: 0 | EH14: 0 | EI14: 0 | EJ14: 0 | EK14: 0 | EL14: 0 | EM14: 0 | EN14: 0 | EO14: 0 | EP14: 0 | EQ14: 0 | ER14: 0 | ES14: 0 | ET14: 0 | EU14: 0 | EV14: 0 | EW14: 0 | EX14: 0 | EY14: 0 | EZ14: 0 | FA14: 0 | FB14: 0 | FC14: 0 | FD14: 0 | FE14: 0 | FF14: 0 | FG14: 0 | FH14: 0 | FI14: 0 | FJ14: 0 | FK14: 0 | FL14: 0 | FM14: 0 | FN14: 0 | FO14: 0 | FP14: 0 | FQ14: 0 | FR14: 0 | FS14: 0 | FT14: 0 | FU14: 0 | FV14: 0 | FW14: 0 | FX14: 0 | FY14: 0 | FZ14: 0 | GA14: 0 | GB14: 0 | GC14: 0 | GD14: 0 | GE14: 0 | GF14: 0 | GG14: 0 | GH14: 0 | GI14: 0 | GJ14: 0 | GK14: 0 | GL14: 0 | GM14: 0 | GN14: 0 | GO14: 0 | GP14: 0 | GQ14: 0 | GR14: 0 | GS14: 0 | GT14: 0 | GU14: 0 | GV14: 0 | GW14: 0 | GX14: 0 | GY14: 0 | GZ14: 0 | HA14: 0 | HB14: 0 | HC14: 0 | HD14: 0 | HE14: 0 | HF14: 0 | HG14: 0 | HH14: 0 | HI14: 0 | HJ14: 0 | HK14: 0 | HL14: 0 | HM14: 0 | HN14: 0 | HO14: 0 | HP14: 0 | HQ14: 0 | HR14: 0 | HS14: 0 | HT14: 0 | HU14: 0 | HV14: 0 | HW14: 0 | HX14: 0 | HY14: 0 | HZ14: 0 | IA14: 0 | IB14: 0 | IC14: 0 | ID14: 0 | IE14: 0 | IF14: 0 | IG14: 0 | IH14: 0 | II14: 0 | IJ14: 0 | IK14: 0 | IL14: 0 | IM14: 0 | IN14: 0 | IO14: 0 | IP14: 0 | IQ14: 0 | IR14: 0 | IS14: 0 | IT14: 0 | IU14: 0 | IV14: 0 | IW14: 0 | IX14: 0 | IY14: 0 | IZ14: 0 | JA14: 0 | JB14: 0 | JC14: 0 | JD14: 0 | JE14: 0 | JF14: 0 | JG14: 0 | JH14: 0 | JI14: 0 | JJ14: 0 | JK14: 0 | JL14: 0 | JM14: 0 | JN14: 0 | JO14: 0 | JP14: 0 | JQ14: 0 | JR14: 0 | JS14: 0 | JT14: 0 | JU14: 0 | JV14: 0 | JW14: 0 | JX14: 0 | JY14: 0 | JZ14: 0 | KA14: 0 | KB14: 0 | KC14: 0 | KD14: 0 | KE14: 0 | KF14: 0 | KG14: 0 | KH14: 0 | KI14: 0 | KJ14: 0 | KK14: 0 | KL14: 0 | KM14: 0 | KN14: 0 | KO14: 0 | KP14: 0 | KQ14: 0 | KR14: 0 | KS14: 0 | KT14: 0 | KU14: 0 | KV14: 0 | KW14: 0 | KX14: 0 | KY14: 0 | KZ14: 0 | LA14: 0 | LB14: 0 | LC14: 0 | LD14: 0 | LE14: 0 | LF14: 0 | LG14: 0 | LH14: 0 | LI14: 0 | LJ14: 0 | LK14: 0 | LL14: 0 | LM14: 0 | LN14: 0 | LO14: 0 | LP14: 0 | LQ14: 0 | LR14: 0 | LS14: 0 | LT14: 0 | LU14: 0 | LV14: 0 | LW14: 0 | LX14: 0 | LY14: 0 | LZ14: 0 | MA14: 0 | MB14: 0 | MC14: 0 | MD14: 0 | ME14: 0 | MF14: 0 | MG14: 0 | MH14: 0 | MI14: 0 | MJ14: 0 | MK14: 0 | ML14: 0 | MM14: 0 | MN14: 0 | MO14: 0 | MP14: 0 | MQ14: 0 | MR14: 0 | MS14: 0 | MT14: 0 | MU14: 0 | MV14: 0 | MW14: 0 | MX14: 0 | MY14: 0 | MZ14: 0 | NA14: 0 | NB14: 0 | NC14: 0 | ND14: 0 | NE14: 0 | NF14: 0 | NG14: 0 | NH14: 0 | NI14: 0 | NJ14: 0 | NK14: 0 | NL14: 0 | NM14: 0 | NN14: 0 | NO14: 0 | NP14: 0 | NQ14: 0 | NR14: 0 | NS14: 0 | NT14: 0 | NU14: 0 | NV14: 0 | NW14: 0 | NX14: 0 | NY14: 0 | NZ14: 0 | OA14: 0 | OB14: 0 | OC14: 0 | OD14: 0 | OE14: 0 | OF14: 0 | OG14: 0 | OH14: 0 | OI14: 0 | OJ14: 0 | OK14: 0 | OL14: 0 | OM14: 0 | ON14: 0 | OO14: 0 | OP14: 0 | OQ14: 0 | OR14: 0 | OS14: 0 | OT14: 0 | OU14: 0 | OV14: 0 | OW14: 0 | OX14: 0 | OY14: 0 | OZ14: 0 | PA14: 0 | PB14: 0 | PC14: 0 | PD14: 0 | PE14: 0 | PF14: 0 | PG14: 0 | PH14: 0 | PI14: 0 | PJ14: 0 | PK14: 0 | PL14: 0 | PM14: 0 | PN14: 0 | PO14: 0 | PP14: 0 | PQ14: 0 | PR14: 0 | PS14: 0 | PT14: 0 | PU14: 0 | PV14: 0 | PW14: 0 | PX14: 0 | PY14: 0 | PZ14: 0 | QA14: 0 | QB14: 0 | QC14: 0 | QD14: 0 | QE14: 0 | QF14: 0 | QG14: 0 | QH14: 0 | QI14: 0 | QJ14: 0 | QK14: 0 | QL14: 0 | QM14: 0 | QN14: 0 | QO14: 0 | QP14: 0 | QQ14: 0 | QR14: 0 | QS14: 0 | QT14: 0 | QU14: 0 | QV14: 0 | QW14: 0 | QX14: 0 | QY14: 0 | QZ14: 0 | RA14: 0 | RB14: 0 | RC14: 0 | RD14: 0 | RE14: 0 | RF14: 0 | RG14: 0 | RH14: 0 | RI14: 0 | RJ14: 0 | RK14: 0 | RL14: 0 | RM14: 0 | RN14: 0 | RO14: 0 | RP14: 0 | RQ14: 0 | RR14: 0 | RS14: 0 | RT14: 0 | RU14: 0 | RV14: 0 | RW14: 0 | RX14: 0 | RY14: 0 | RZ14: 0 | SA14: 0 | SB14: 0 | SC14: 0 | SD14: 0 | SE14: 0 | SF14: 0
B15: 0 | C15: 0 | D15: 0 | E15: 0 | F15: 0 | G15: 0 | H15: 0 | I15: 0 | J15: 0 | K15: 0 | L15: 0 | M15: 0 | N15: 0 | O15: 0 | P15: 0 | Q15: 0 | R15: 0 | S15: 0 | T15: 0 | U15: 0 | V15: 0 | W15: 0 | X15: 0 | Y15: 0 | Z15: 0 | AA15: 0 | AB15: 0 | AC15: 0 | AD15: 0 | AE15: 0 | AF15: 0 | AG15: 0 | AH15: 0 | AI15: 0 | AJ15: 0 | AK15: 0 | AL15: 0 | AM15: 0 | AN15: 0 | AO15: 0 | AP15: 0 | AQ15: 0 | AR15: 0 | AS15: 0 | AT15: 0 | AU15: 0 | AV15: 0 | AW15: 0 | AX15: 0 | AY15: 0 | AZ15: 0 | BA15: 0 | BB15: 0 | BC15: 0 | BD15: 0 | BE15: 0 | BF15: 0 | BG15: 0 | BH15: 0 | BI15: 0 | BJ15: 0 | BK15: 0 | BL15: 0 | BM15: 0 | BN15: 0 | BO15: 0 | BP15: 0 | BQ15: 0 | BR15: 0 | BS15: 0 | BT15: 0 | BU15: 0 | BV15: 0 | BW15: 0 | BX15: 0 | BY15: 0 | BZ15: 0 | CA15: 0 | CB15: 0 | CC15: 0 | CD15: 0 | CE15: 0 | CF15: 0 | CG15: 0 | CH15: 0 | CI15: 0 | CJ15: 0 | CK15: 0 | CL15: 0 | CM15: 0 | CN15: 0 | CO15: 0 | CP15: 0 | CQ15: 0 | CR15: 0 | CS15: 0 | CT15: 0 | CU15: 0 | CV15: 0 | CW15: 0 | CX15: 0 | CY15: 0 | CZ15: 0 | DA15: 0 | DB15: 0 | DC15: 0 | DD15: 0 | DE15: 0 | DF15: 0 | DG15: 0 | DH15: 0 | DI15: 0 | DJ15: 0 | DK15: 0 | DL15: 0 | DM15: 0 | DN15: 0 | DO15: 0 | DP15: 0 | DQ15: 0 | DR15: 0 | DS15: 0 | DT15: 0 | DU15: 0 | DV15: 0 | DW15: 0 | DX15: 0 | DY15: 0 | DZ15: 0 | EA15: 0 | EB15: 0 | EC15: 0 | ED15: 0 | EE15: 0 | EF15: 0 | EG15: 0 | EH15: 0 | EI15: 0 | EJ15: 0 | EK15: 0 | EL15: 0 | EM15: 0 | EN15: 0 | EO15: 0 | EP15: 0 | EQ15: 0 | ER15: 0 | ES15: 0 | ET15: 0 | EU15: 0 | EV15: 0 | EW15: 0 | EX15: 0 | EY15: 0 | EZ15: 0 | FA15: 0 | FB15: 0 | FC15: 0 | FD15: 0 | FE15: 0 | FF15: 0 | FG15: 0 | FH15: 0 | FI15: 0 | FJ15: 0 | FK15: 0 | FL15: 0 | FM15: 0 | FN15: 0 | FO15: 0 | FP15: 0 | FQ15: 0 | FR15: 0 | FS15: 0 | FT15: 0 | FU15: 0 | FV15: 0 | FW15: 0 | FX15: 0 | FY15: 0 | FZ15: 0 | GA15: 0 | GB15: 0 | GC15: 0 | GD15: 0 | GE15: 0 | GF15: 0 | GG15: 0 | GH15: 0 | GI15: 0 | GJ15: 0 | GK15: 0 | GL15: 0 | GM15: 0 | GN15: 0 | GO15: 0 | GP15: 0 | GQ15: 0 | GR15: 0 | GS15: 0 | GT15: 0 | GU15: 0 | GV15: 0 | GW15: 0 | GX15: 0 | GY15: 0 | GZ15: 0 | HA15: 0 | HB15: 0 | HC15: 0 | HD15: 0 | HE15: 0 | HF15: 0 | HG15: 0 | HH15: 0 | HI15: 0 | HJ15: 0 | HK15: 0 | HL15: 0 | HM15: 0 | HN15: 0 | HO15: 0 | HP15: 0 | HQ15: 0 | HR15: 0 | HS15: 0 | HT15: 0 | HU15: 0 | HV15: 0 | HW15: 0 | HX15: 0 | HY15: 0 | HZ15: 0 | IA15: 0 | IB15: 0 | IC15: 0 | ID15: 0 | IE15: 0 | IF15: 0 | IG15: 0 | IH15: 0 | II15: 0 | IJ15: 0 | IK15: 0 | IL15: 0 | IM15: 0 | IN15: 0 | IO15: 0 | IP15: 0 | IQ15: 0 | IR15: 0 | IS15: 0 | IT15: 0 | IU15: 0 | IV15: 0 | IW15: 0 | IX15: 0 | IY15: 0 | IZ15: 0 | JA15: 0 | JB15: 0 | JC15: 0 | JD15: 0 | JE15: 0 | JF15: 0 | JG15: 0 | JH15: 0 | JI15: 0 | JJ15: 0 | JK15: 0 | JL15: 0 | JM15: 0 | JN15: 0 | JO15: 0 | JP15: 0 | JQ15: 0 | JR15: 0 | JS15: 0 | JT15: 0 | JU15: 0 | JV15: 0 | JW15: 0 | JX15: 0 | JY15: 0 | JZ15: 0 | KA15: 0 | KB15: 0 | KC15: 0 | KD15: 0 | KE15: 0 | KF15: 0 | KG15: 0 | KH15: 0 | KI15: 0 | KJ15: 0 | KK15: 0 | KL15: 0 | KM15: 0 | KN15: 0 | KO15: 0 | KP15: 0 | KQ15: 0 | KR15: 0 | KS15: 0 | KT15: 0 | KU15: 0 | KV15: 0 | KW15: 0 | KX15: 0 | KY15: 0 | KZ15: 0 | LA15: 0 | LB15: 0 | LC15: 0 | LD15: 0 | LE15: 0 | LF15: 0 | LG15: 0 | LH15: 0 | LI15: 0 | LJ15: 0 | LK15: 0 | LL15: 0 | LM15: 0 | LN15: 0 | LO15: 0 | LP15: 0 | LQ15: 0 | LR15: 0 | LS15: 0 | LT15: 0 | LU15: 0 | LV15: 0 | LW15: 0 | LX15: 0 | LY15: 0 | LZ15: 0 | MA15: 0 | MB15: 0 | MC15: 0 | MD15: 0 | ME15: 0 | MF15: 0 | MG15: 0 | MH15: 0 | MI15: 0 | MJ15: 0 | MK15: 0 | ML15: 0 | MM15: 0 | MN15: 0 | MO15: 0 | MP15: 0 | MQ15: 0 | MR15: 0 | MS15: 0 | MT15: 0 | MU15: 0 | MV15: 0 | MW15: 0 | MX15: 0 | MY15: 0 | MZ15: 0 | NA15: 0 | NB15: 0 | NC15: 0 | ND15: 0 | NE15: 0 | NF15: 0 | NG15: 0 | NH15: 0 | NI15: 0 | NJ15: 0 | NK15: 0 | NL15: 0 | NM15: 0 | NN15: 0 | NO15: 0 | NP15: 0 | NQ15: 0 | NR15: 0 | NS15: 0 | NT15: 0 | NU15: 0 | NV15: 0 | NW15: 0 | NX15: 0 | NY15: 0 | NZ15: 0 | OA15: 0 | OB15: 0 | OC15: 0 | OD15: 0 | OE15: 0 | OF15: 0 | OG15: 0 | OH15: 0 | OI15: 0 | OJ15: 0 | OK15: 0 | OL15: 0 | OM15: 0 | ON15: 0 | OO15: 0 | OP15: 0 | OQ15: 0 | OR15: 0 | OS15: 0 | OT15: 0 | OU15: 0 | OV15: 0 | OW15: 0 | OX15: 0 | OY15: 0 | OZ15: 0 | PA15: 0 | PB15: 0 | PC15: 0 | PD15: 0 | PE15: 0 | PF15: 0 | PG15: 0 | PH15: 0 | PI15: 0 | PJ15: 0 | PK15: 0 | PL15: 0 | PM15: 0 | PN15: 0 | PO15: 0 | PP15: 0 | PQ15: 0 | PR15: 0 | PS15: 0 | PT15: 0 | PU15: 0 | PV15: 0 | PW15: 0 | PX15: 0 | PY15: 0 | PZ15: 0 | QA15: 0 | QB15: 0 | QC15: 0 | QD15: 0 | QE15: 0 | QF15: 0 | QG15: 0 | QH15: 0 | QI15: 0 | QJ15: 0 | QK15: 0 | QL15: 0 | QM15: 0 | QN15: 0 | QO15: 0 | QP15: 0 | QQ15: 0 | QR15: 0 | QS15: 0 | QT15: 0 | QU15: 0 | QV15: 0 | QW15: 0 | QX15: 0 | QY15: 0 | QZ15: 0 | RA15: 0 | RB15: 0 | RC15: 0 | RD15: 0 | RE15: 0 | RF15: 0 | RG15: 0 | RH15: 0 | RI15: 0 | RJ15: 0 | RK15: 0 | RL15: 0 | RM15: 0 | RN15: 0 | RO15: 0 | RP15: 0 | RQ15: 0 | RR15: 0 | RS15: 0 | RT15: 0 | RU15: 0 | RV15: 0 | RW15: 0 | RX15: 0 | RY15: 0 | RZ15: 0 | SA15: 0 | SB15: 0 | SC15: 0 | SD15: 0 | SE15: 0 | SF15: 0
B16: 名称 | C16: SKU | D16: 颜色 | E16: 尺寸 | F16: 45495 | G16: 45496 | H16: 45497 | I16: 45498 | J16: 45499 | K16: 45500 | L16: 45501 | M16: 45502 | N16: 45503 | O16: 45504 | P16: 45505 | Q16: 45506 | R16: 45507 | S16: 45508 | T16: 45509 | U16: 45510 | V16: 45511 | W16: 45512 | X16: 45513 | Y16: 45514 | Z16: 45515 | AA16: 45516 | AB16: 45517 | AC16: 45518 | AD16: 45519 | AE16: 45520 | AF16: 45521 | AG16: 45522 | AH16: 45523 | AI16: 45524 | AJ16: 45525 | AK16: 45526 | AL16: 45527 | AM16: 45528 | AN16: 45529 | AO16: 45530 | AP16: 45531 | AQ16: 45532 | AR16: 45533 | AS16: 45534 | AT16: 45535 | AU16: 45536 | AV16: 45537 | AW16: 45538 | AX16: 45539 | AY16: 45540 | AZ16: 45541 | BA16: 45542 | BB16: 45543 | BC16: 45544 | BD16: 45545 | BE16: 45546 | BF16: 45547 | BG16: 45548 | BH16: 45549 | BI16: 45550 | BJ16: 45551 | BK16: 45552 | BL16: 45553 | BM16: 45554 | BN16: 45555 | BO16: 45556 | BP16: 45557 | BQ16: 45558 | BR16: 45559 | BS16: 45560 | BT16: 45561 | BU16: 45562 | BV16: 45563 | BW16: 45564 | BX16: 45565 | BY16: 45566 | BZ16: 45567 | CA16: 45568 | CB16: 45569 | CC16: 45570 | CD16: 45571 | CE16: 45572 | CF16: 45573 | CG16: 45574 | CH16: 45575 | CI16: 45576 | CJ16: 45577 | CK16: 45578 | CL16: 45579 | CM16: 45580 | CN16: 45581 | CO16: 45582 | CP16: 45583 | CQ16: 45584 | CR16: 45585 | CS16: 45586 | CT16: 45587 | CU16: 45588 | CV16: 45589 | CW16: 45590 | CX16: 45591 | CY16: 45592 | CZ16: 45593 | DA16: 45594 | DB16: 45595 | DC16: 45596 | DD16: 45597 | DE16: 45598 | DF16: 45599 | DG16: 45600 | DH16: 45601 | DI16: 45602 | DJ16: 45603 | DK16: 0 | DL16: 0 | DM16: 0 | DN16: 0 | DO16: 0 | DP16: 0 | DQ16: 0 | DR16: 0 | DS16: 0 | DT16: 0 | DU16: 0 | DV16: 0 | DW16: 0 | DX16: 0 | DY16: 0 | DZ16: 0 | EA16: 0 | EB16: 0 | EC16: 0 | ED16: 0 | EE16: 0 | EF16: 0 | EG16: 0 | EH16: 0 | EI16: 0 | EJ16: 0 | EK16: 0 | EL16: 0 | EM16: 0 | EN16: 0 | EO16: 0 | EP16: 0 | EQ16: 0 | ER16: 0 | ES16: 0 | ET16: 0 | EU16: 0 | EV16: 0 | EW16: 0 | EX16: 0 | EY16: 0 | EZ16: 0 | FA16: 0 | FB16: 0 | FC16: 0 | FD16: 0 | FE16: 0 | FF16: 0 | FG16: 0 | FH16: 0 | FI16: 0 | FJ16: 0 | FK16: 0 | FL16: 0 | FM16: 0 | FN16: 0 | FO16: 0 | FP16: 0 | FQ16: 0 | FR16: 0 | FS16: 0 | FT16: 0 | FU16: 0 | FV16: 0 | FW16: 0 | FX16: 0 | FY16: 0 | FZ16: 0 | GA16: 0 | GB16: 0 | GC16: 0 | GD16: 0 | GE16: 0 | GF16: 0 | GG16: 0 | GH16: 0 | GI16: 0 | GJ16: 0 | GK16: 0 | GL16: 0 | GM16: 0 | GN16: 0 | GO16: 0 | GP16: 0 | GQ16: 0 | GR16: 0 | GS16: 0 | GT16: 0 | GU16: 0 | GV16: 0 | GW16: 0 | GX16: 0 | GY16: 0 | GZ16: 0 | HA16: 0 | HB16: 0 | HC16: 0 | HD16: 0 | HE16: 0 | HF16: 0 | HG16: 0 | HH16: 0 | HI16: 0 | HJ16: 0 | HK16: 0 | HL16: 0 | HM16: 0 | HN16: 0 | HO16: 0 | HP16: 0 | HQ16: 0 | HR16: 0 | HS16: 0 | HT16: 0 | HU16: 0 | HV16: 0 | HW16: 0 | HX16: 0 | HY16: 0 | HZ16: 0 | IA16: 0 | IB16: 0 | IC16: 0 | ID16: 0 | IE16: 0 | IF16: 0 | IG16: 0 | IH16: 0 | II16: 0 | IJ16: 0 | IK16: 0 | IL16: 0 | IM16: 0 | IN16: 0 | IO16: 0 | IP16: 0 | IQ16: 0 | IR16: 0 | IS16: 0 | IT16: 0 | IU16: 0 | IV16: 0 | IW16: 0 | IX16: 0 | IY16: 0 | IZ16: 0 | JA16: 0 | JB16: 0 | JC16: 0 | JD16: 0 | JE16: 0 | JF16: 0 | JG16: 0 | JH16: 0 | JI16: 0 | JJ16: 0 | JK16: 0 | JL16: 0 | JM16: 0 | JN16: 0 | JO16: 0 | JP16: 0 | JQ16: 0 | JR16: 0 | JS16: 0 | JT16: 0 | JU16: 0 | JV16: 0 | JW16: 0 | JX16: 0 | JY16: 0 | JZ16: 0 | KA16: 0 | KB16: 0 | KC16: 0 | KD16: 0 | KE16: 0 | KF16: 0 | KG16: 0 | KH16: 0 | KI16: 0 | KJ16: 0 | KK16: 0 | KL16: 0 | KM16: 0 | KN16: 0 | KO16: 0 | KP16: 0 | KQ16: 0 | KR16: 0 | KS16: 0 | KT16: 0 | KU16: 0 | KV16: 0 | KW16: 0 | KX16: 0 | KY16: 0 | KZ16: 0 | LA16: 0 | LB16: 0 | LC16: 0 | LD16: 0 | LE16: 0 | LF16: 0 | LG16: 0 | LH16: 0 | LI16: 0 | LJ16: 0 | LK16: 0 | LL16: 0 | LM16: 0 | LN16: 0 | LO16: 0 | LP16: 0 | LQ16: 0 | LR16: 0 | LS16: 0 | LT16: 0 | LU16: 0 | LV16: 0 | LW16: 0 | LX16: 0 | LY16: 0 | LZ16: 0 | MA16: 0 | MB16: 0 | MC16: 0 | MD16: 0 | ME16: 0 | MF16: 0 | MG16: 0 | MH16: 0 | MI16: 0 | MJ16: 0 | MK16: 0 | ML16: 0 | MM16: 0 | MN16: 0 | MO16: 0 | MP16: 0 | MQ16: 0 | MR16: 0 | MS16: 0 | MT16: 0 | MU16: 0 | MV16: 0 | MW16: 0 | MX16: 0 | MY16: 0 | MZ16: 0 | NA16: 0 | NB16: 0 | NC16: 0 | ND16: 0 | NE16: 0 | NF16: 0 | NG16: 0 | NH16: 0 | NI16: 0 | NJ16: 0 | NK16: 0 | NL16: 0 | NM16: 0 | NN16: 0 | NO16: 0 | NP16: 0 | NQ16: 0 | NR16: 0 | NS16: 0 | NT16: 0 | NU16: 0 | NV16: 0 | NW16: 0 | NX16: 0 | NY16: 0 | NZ16: 0 | OA16: 0 | OB16: 0 | OC16: 0 | OD16: 0 | OE16: 0 | OF16: 0 | OG16: 0 | OH16: 0 | OI16: 0 | OJ16: 0 | OK16: 0 | OL16: 0 | OM16: 0 | ON16: 0 | OO16: 0 | OP16: 0 | OQ16: 0 | OR16: 0 | OS16: 0 | OT16: 0 | OU16: 0 | OV16: 0 | OW16: 0 | OX16: 0 | OY16: 0 | OZ16: 0 | PA16: 0 | PB16: 0 | PC16: 0 | PD16: 0 | PE16: 0 | PF16: 0 | PG16: 0 | PH16: 0 | PI16: 0 | PJ16: 0 | PK16: 0 | PL16: 0 | PM16: 0 | PN16: 0 | PO16: 0 | PP16: 0 | PQ16: 0 | PR16: 0 | PS16: 0 | PT16: 0 | PU16: 0 | PV16: 0 | PW16: 0 | PX16: 0 | PY16: 0 | PZ16: 0 | QA16: 0 | QB16: 0 | QC16: 0 | QD16: 0 | QE16: 0 | QF16: 0 | QG16: 0 | QH16: 0 | QI16: 0 | QJ16: 0 | QK16: 0 | QL16: 0 | QM16: 0 | QN16: 0 | QO16: 0 | QP16: 0 | QQ16: 0 | QR16: 0 | QS16: 0 | QT16: 0 | QU16: 0 | QV16: 0 | QW16: 0 | QX16: 0 | QY16: 0 | QZ16: 0 | RA16: 0 | RB16: 0 | RC16: 0 | RD16: 0 | RE16: 0 | RF16: 0 | RG16: 0 | RH16: 0 | RI16: 0 | RJ16: 0 | RK16: 0 | RL16: 0 | RM16: 0 | RN16: 0 | RO16: 0 | RP16: 0 | RQ16: 0 | RR16: 0 | RS16: 0 | RT16: 0 | RU16: 0 | RV16: 0 | RW16: 0 | RX16: 0 | RY16: 0 | RZ16: 0 | SA16: 0 | SB16: 0 | SC16: 0 | SD16: 0 | SE16: 0 | SF16: 0
B17: 0 | C17: 0 | D17: 0 | E17: 对应到货批次 | F17: 0 | G17: 0 | H17: 0 | I17: 0 | J17: 0 | K17: 0 | L17: 0 | M17: 0 | N17: 0 | O17: 0 | P17: 0 | Q17: 0 | R17: 0 | S17: 0 | T17: 0 | U17: 0 | V17: 0 | W17: 0 | X17: 0 | Y17: 0 | Z17: 0 | AA17: 0 | AB17: 0 | AC17: 0 | AD17: 0 | AE17: 0 | AF17: 0 | AG17: 0 | AH17: 0 | AI17: 0 | AJ17: 0 | AK17: 0 | AL17: 0 | AM17: 0 | AN17: 0 | AO17: 0 | AP17: 0 | AQ17: 0 | AR17: 0 | AS17: 0 | AT17: 0 | AU17: 0 | AV17: 0 | AW17: 0 | AX17: 0 | AY17: 0 | AZ17: 0 | BA17: 0 | BB17: 0 | BC17: 0 | BD17: 0 | BE17: 0 | BF17: 0 | BG17: 0 | BH17: 0 | BI17: 0 | BJ17: 0 | BK17: 0 | BL17: 0 | BM17: 0 | BN17: 0 | BO17: 0 | BP17: 0 | BQ17: 0 | BR17: 0 | BS17: 0 | BT17: 0 | BU17: 10/8批次 | BV17: 10/8批次 | BW17: 10/8批次 | BX17: 10/8批次 | BY17: 0 | BZ17: 0 | CA17: 10/8批次 | CB17: 10/8批次 | CC17: 10/8批次 | CD17: 10/8批次 | CE17: 10/8批次 | CF17: 10/15批次 | CG17: 10/15批次 | CH17: 10/15批次 | CI17: 10/15批次 | CJ17: 10/15批次 | CK17: 10/15批次 | CL17: 10/20批次 | CM17: 10/20批次 | CN17: 10/20批次 | CO17: 10/20批次 | CP17: 10/20批次 | CQ17: 10/20批次 | CR17: 10/25批次 | CS17: 10/25批次 | CT17: 10/25批次 | CU17: 10/25批次 | CV17: 10/25批次 | CW17: 10/28批次 | CX17: 10/28批次 | CY17: 10/28批次 | CZ17: 10/31批次 | DA17: 10/31批次 | DB17: 0 | DC17: 0 | DD17: 0 | DE17: 0 | DF17: 0 | DG17: 0 | DH17: 0 | DI17: 0 | DJ17: 0 | DK17: 0 | DL17: 0 | DM17: 0 | DN17: 0 | DO17: 0 | DP17: 0 | DQ17: 0 | DR17: 0 | DS17: 0 | DT17: 0 | DU17: 0 | DV17: 0 | DW17: 0 | DX17: 0 | DY17: 0 | DZ17: 0 | EA17: 0 | EB17: 0 | EC17: 0 | ED17: 0 | EE17: 0 | EF17: 0 | EG17: 0 | EH17: 0 | EI17: 0 | EJ17: 0 | EK17: 0 | EL17: 0 | EM17: 0 | EN17: 0 | EO17: 0 | EP17: 0 | EQ17: 0 | ER17: 0 | ES17: 0 | ET17: 0 | EU17: 0 | EV17: 0 | EW17: 0 | EX17: 0 | EY17: 0 | EZ17: 0 | FA17: 0 | FB17: 0 | FC17: 0 | FD17: 0 | FE17: 0 | FF17: 0 | FG17: 0 | FH17: 0 | FI17: 0 | FJ17: 0 | FK17: 0 | FL17: 0 | FM17: 0 | FN17: 0 | FO17: 0 | FP17: 0 | FQ17: 0 | FR17: 0 | FS17: 0 | FT17: 0 | FU17: 0 | FV17: 0 | FW17: 0 | FX17: 0 | FY17: 0 | FZ17: 0 | GA17: 0 | GB17: 0 | GC17: 0 | GD17: 0 | GE17: 0 | GF17: 0 | GG17: 0 | GH17: 0 | GI17: 0 | GJ17: 0 | GK17: 0 | GL17: 0 | GM17: 0 | GN17: 0 | GO17: 0 | GP17: 0 | GQ17: 0 | GR17: 0 | GS17: 0 | GT17: 0 | GU17: 0 | GV17: 0 | GW17: 0 | GX17: 0 | GY17: 0 | GZ17: 0 | HA17: 0 | HB17: 0 | HC17: 0 | HD17: 0 | HE17: 0 | HF17: 0 | HG17: 0 | HH17: 0 | HI17: 0 | HJ17: 0 | HK17: 0 | HL17: 0 | HM17: 0 | HN17: 0 | HO17: 0 | HP17: 0 | HQ17: 0 | HR17: 0 | HS17: 0 | HT17: 0 | HU17: 0 | HV17: 0 | HW17: 0 | HX17: 0 | HY17: 0 | HZ17: 0 | IA17: 0 | IB17: 0 | IC17: 0 | ID17: 0 | IE17: 0 | IF17: 0 | IG17: 0 | IH17: 0 | II17: 0 | IJ17: 0 | IK17: 0 | IL17: 0 | IM17: 0 | IN17: 0 | IO17: 0 | IP17: 0 | IQ17: 0 | IR17: 0 | IS17: 0 | IT17: 0 | IU17: 0 | IV17: 0 | IW17: 0 | IX17: 0 | IY17: 0 | IZ17: 0 | JA17: 0 | JB17: 0 | JC17: 0 | JD17: 0 | JE17: 0 | JF17: 0 | JG17: 0 | JH17: 0 | JI17: 0 | JJ17: 0 | JK17: 0 | JL17: 0 | JM17: 0 | JN17: 0 | JO17: 0 | JP17: 0 | JQ17: 0 | JR17: 0 | JS17: 0 | JT17: 0 | JU17: 0 | JV17: 0 | JW17: 0 | JX17: 0 | JY17: 0 | JZ17: 0 | KA17: 0 | KB17: 0 | KC17: 0 | KD17: 0 | KE17: 0 | KF17: 0 | KG17: 0 | KH17: 0 | KI17: 0 | KJ17: 0 | KK17: 0 | KL17: 0 | KM17: 0 | KN17: 0 | KO17: 0 | KP17: 0 | KQ17: 0 | KR17: 0 | KS17: 0 | KT17: 0 | KU17: 0 | KV17: 0 | KW17: 0 | KX17: 0 | KY17: 0 | KZ17: 0 | LA17: 0 | LB17: 0 | LC17: 0 | LD17: 0 | LE17: 0 | LF17: 0 | LG17: 0 | LH17: 0 | LI17: 0 | LJ17: 0 | LK17: 0 | LL17: 0 | LM17: 0 | LN17: 0 | LO17: 0 | LP17: 0 | LQ17: 0 | LR17: 0 | LS17: 0 | LT17: 0 | LU17: 0 | LV17: 0 | LW17: 0 | LX17: 0 | LY17: 0 | LZ17: 0 | MA17: 0 | MB17: 0 | MC17: 0 | MD17: 0 | ME17: 0 | MF17: 0 | MG17: 0 | MH17: 0 | MI17: 0 | MJ17: 0 | MK17: 0 | ML17: 0 | MM17: 0 | MN17: 0 | MO17: 0 | MP17: 0 | MQ17: 0 | MR17: 0 | MS17: 0 | MT17: 0 | MU17: 0 | MV17: 0 | MW17: 0 | MX17: 0 | MY17: 0 | MZ17: 0 | NA17: 0 | NB17: 0 | NC17: 0 | ND17: 0 | NE17: 0 | NF17: 0 | NG17: 0 | NH17: 0 | NI17: 0 | NJ17: 0 | NK17: 0 | NL17: 0 | NM17: 0 | NN17: 0 | NO17: 0 | NP17: 0 | NQ17: 0 | NR17: 0 | NS17: 0 | NT17: 0 | NU17: 0 | NV17: 0 | NW17: 0 | NX17: 0 | NY17: 0 | NZ17: 0 | OA17: 0 | OB17: 0 | OC17: 0 | OD17: 0 | OE17: 0 | OF17: 0 | OG17: 0 | OH17: 0 | OI17: 0 | OJ17: 0 | OK17: 0 | OL17: 0 | OM17: 0 | ON17: 0 | OO17: 0 | OP17: 0 | OQ17: 0 | OR17: 0 | OS17: 0 | OT17: 0 | OU17: 0 | OV17: 0 | OW17: 0 | OX17: 0 | OY17: 0 | OZ17: 0 | PA17: 0 | PB17: 0 | PC17: 0 | PD17: 0 | PE17: 0 | PF17: 0 | PG17: 0 | PH17: 0 | PI17: 0 | PJ17: 0 | PK17: 0 | PL17: 0 | PM17: 0 | PN17: 0 | PO17: 0 | PP17: 0 | PQ17: 0 | PR17: 0 | PS17: 0 | PT17: 0 | PU17: 0 | PV17: 0 | PW17: 0 | PX17: 0 | PY17: 0 | PZ17: 0 | QA17: 0 | QB17: 0 | QC17: 0 | QD17: 0 | QE17: 0 | QF17: 0 | QG17: 0 | QH17: 0 | QI17: 0 | QJ17: 0 | QK17: 0 | QL17: 0 | QM17: 0 | QN17: 0 | QO17: 0 | QP17: 0 | QQ17: 0 | QR17: 0 | QS17: 0 | QT17: 0 | QU17: 0 | QV17: 0 | QW17: 0 | QX17: 0 | QY17: 0 | QZ17: 0 | RA17: 0 | RB17: 0 | RC17: 0 | RD17: 0 | RE17: 0 | RF17: 0 | RG17: 0 | RH17: 0 | RI17: 0 | RJ17: 0 | RK17: 0 | RL17: 0 | RM17: 0 | RN17: 0 | RO17: 0 | RP17: 0 | RQ17: 0 | RR17: 0 | RS17: 0 | RT17: 0 | RU17: 0 | RV17: 0 | RW17: 0 | RX17: 0 | RY17: 0 | RZ17: 0 | SA17: 0 | SB17: 0 | SC17: 0 | SD17: 0 | SE17: 0 | SF17: 0
B18: 亚朵星球 深睡控温被PRO·冬季 | C18: 010020105040036-010 | D18: 远山蓝 | E18: 150*200cm | F18: 0 | G18: 0 | H18: 0 | I18: 0 | J18: 0 | K18: 0 | L18: 0 | M18: 0 | N18: 0 | O18: 0 | P18: 0 | Q18: 0 | R18: 0 | S18: 0 | T18: 0 | U18: 0 | V18: 0 | W18: 0 | X18: 0 | Y18: 0 | Z18: 0 | AA18: 0 | AB18: 0 | AC18: 0 | AD18: 0 | AE18: 0 | AF18: 0 | AG18: 0 | AH18: 0 | AI18: 0 | AJ18: 0 | AK18: 0 | AL18: 0 | AM18: 0 | AN18: 0 | AO18: 0 | AP18: 0 | AQ18: 0 | AR18: 0 | AS18: 0 | AT18: 0 | AU18: 0 | AV18: 0 | AW18: 0 | AX18: 0 | AY18: 0 | AZ18: 0 | BA18: 0 | BB18: 0 | BC18: 0 | BD18: 0 | BE18: 0 | BF18: 0 | BG18: 0 | BH18: 0 | BI18: 0 | BJ18: 0 | BK18: 0 | BL18: 0 | BM18: 0 | BN18: 0 | BO18: 0 | BP18: 0 | BQ18: 0 | BR18: 0 | BS18: 0 | BT18: 0 | BU18: 37 | BV18: 151 | BW18: 0 | BX18: 0 | BY18: 0 | BZ18: 0 | CA18: 98 | CB18: 119 | CC18: 83 | CD18: 1 | CE18: 42 | CF18: 79 | CG18: 102 | CH18: 72 | CI18: 268 | CJ18: 67 | CK18: 104 | CL18: 443 | CM18: 127 | CN18: 23 | CO18: 44 | CP18: 28 | CQ18: 0 | CR18: 211 | CS18: 333 | CT18: 142 | CU18: 268 | CV18: 136 | CW18: 426 | CX18: 139 | CY18: 167 | CZ18: 84 | DA18: 0 | DB18: 0 | DC18: 0 | DD18: 0 | DE18: 0 | DF18: 0 | DG18: 0 | DH18: 0 | DI18: 0 | DJ18: 0 | DK18: 0 | DL18: 0 | DM18: 0 | DN18: 0 | DO18: 0 | DP18: 0 | DQ18: 0 | DR18: 0 | DS18: 0 | DT18: 0 | DU18: 0 | DV18: 0 | DW18: 0 | DX18: 0 | DY18: 0 | DZ18: 0 | EA18: 0 | EB18: 0 | EC18: 0 | ED18: 0 | EE18: 0 | EF18: 0 | EG18: 0 | EH18: 0 | EI18: 0 | EJ18: 0 | EK18: 0 | EL18: 0 | EM18: 0 | EN18: 0 | EO18: 0 | EP18: 0 | EQ18: 0 | ER18: 0 | ES18: 0 | ET18: 0 | EU18: 0 | EV18: 0 | EW18: 0 | EX18: 0 | EY18: 0 | EZ18: 0 | FA18: 0 | FB18: 0 | FC18: 0 | FD18: 0 | FE18: 0 | FF18: 0 | FG18: 0 | FH18: 0 | FI18: 0 | FJ18: 0 | FK18: 0 | FL18: 0 | FM18: 0 | FN18: 0 | FO18: 0 | FP18: 0 | FQ18: 0 | FR18: 0 | FS18: 0 | FT18: 0 | FU18: 0 | FV18: 0 | FW18: 0 | FX18: 0 | FY18: 0 | FZ18: 0 | GA18: 0 | GB18: 0 | GC18: 0 | GD18: 0 | GE18: 0 | GF18: 0 | GG18: 0 | GH18: 0 | GI18: 0 | GJ18: 0 | GK18: 0 | GL18: 0 | GM18: 0 | GN18: 0 | GO18: 0 | GP18: 0 | GQ18: 0 | GR18: 0 | GS18: 0 | GT18: 0 | GU18: 0 | GV18: 0 | GW18: 0 | GX18: 0 | GY18: 0 | GZ18: 0 | HA18: 0 | HB18: 0 | HC18: 0 | HD18: 0 | HE18: 0 | HF18: 0 | HG18: 0 | HH18: 0 | HI18: 0 | HJ18: 0 | HK18: 0 | HL18: 0 | HM18: 0 | HN18: 0 | HO18: 0 | HP18: 0 | HQ18: 0 | HR18: 0 | HS18: 0 | HT18: 0 | HU18: 0 | HV18: 0 | HW18: 0 | HX18: 0 | HY18: 0 | HZ18: 0 | IA18: 0 | IB18: 0 | IC18: 0 | ID18: 0 | IE18: 0 | IF18: 0 | IG18: 0 | IH18: 0 | II18: 0 | IJ18: 0 | IK18: 0 | IL18: 0 | IM18: 0 | IN18: 0 | IO18: 0 | IP18: 0 | IQ18: 0 | IR18: 0 | IS18: 0 | IT18: 0 | IU18: 0 | IV18: 0 | IW18: 0 | IX18: 0 | IY18: 0 | IZ18: 0 | JA18: 0 | JB18: 0 | JC18: 0 | JD18: 0 | JE18: 0 | JF18: 0 | JG18: 0 | JH18: 0 | JI18: 0 | JJ18: 0 | JK18: 0 | JL18: 0 | JM18: 0 | JN18: 0 | JO18: 0 | JP18: 0 | JQ18: 0 | JR18: 0 | JS18: 0 | JT18: 0 | JU18: 0 | JV18: 0 | JW18: 0 | JX18: 0 | JY18: 0 | JZ18: 0 | KA18: 0 | KB18: 0 | KC18: 0 | KD18: 0 | KE18: 0 | KF18: 0 | KG18: 0 | KH18: 0 | KI18: 0 | KJ18: 0 | KK18: 0 | KL18: 0 | KM18: 0 | KN18: 0 | KO18: 0 | KP18: 0 | KQ18: 0 | KR18: 0 | KS18: 0 | KT18: 0 | KU18: 0 | KV18: 0 | KW18: 0 | KX18: 0 | KY18: 0 | KZ18: 0 | LA18: 0 | LB18: 0 | LC18: 0 | LD18: 0 | LE18: 0 | LF18: 0 | LG18: 0 | LH18: 0 | LI18: 0 | LJ18: 0 | LK18: 0 | LL18: 0 | LM18: 0 | LN18: 0 | LO18: 0 | LP18: 0 | LQ18: 0 | LR18: 0 | LS18: 0 | LT18: 0 | LU18: 0 | LV18: 0 | LW18: 0 | LX18: 0 | LY18: 0 | LZ18: 0 | MA18: 0 | MB18: 0 | MC18: 0 | MD18: 0 | ME18: 0 | MF18: 0 | MG18: 0 | MH18: 0 | MI18: 0 | MJ18: 0 | MK18: 0 | ML18: 0 | MM18: 0 | MN18: 0 | MO18: 0 | MP18: 0 | MQ18: 0 | MR18: 0 | MS18: 0 | MT18: 0 | MU18: 0 | MV18: 0 | MW18: 0 | MX18: 0 | MY18: 0 | MZ18: 0 | NA18: 0 | NB18: 0 | NC18: 0 | ND18: 0 | NE18: 0 | NF18: 0 | NG18: 0 | NH18: 0 | NI18: 0 | NJ18: 0 | NK18: 0 | NL18: 0 | NM18: 0 | NN18: 0 | NO18: 0 | NP18: 0 | NQ18: 0 | NR18: 0 | NS18: 0 | NT18: 0 | NU18: 0 | NV18: 0 | NW18: 0 | NX18: 0 | NY18: 0 | NZ18: 0 | OA18: 0 | OB18: 0 | OC18: 0 | OD18: 0 | OE18: 0 | OF18: 0 | OG18: 0 | OH18: 0 | OI18: 0 | OJ18: 0 | OK18: 0 | OL18: 0 | OM18: 0 | ON18: 0 | OO18: 0 | OP18: 0 | OQ18: 0 | OR18: 0 | OS18: 0 | OT18: 0 | OU18: 0 | OV18: 0 | OW18: 0 | OX18: 0 | OY18: 0 | OZ18: 0 | PA18: 0 | PB18: 0 | PC18: 0 | PD18: 0 | PE18: 0 | PF18: 0 | PG18: 0 | PH18: 0 | PI18: 0 | PJ18: 0 | PK18: 0 | PL18: 0 | PM18: 0 | PN18: 0 | PO18: 0 | PP18: 0 | PQ18: 0 | PR18: 0 | PS18: 0 | PT18: 0 | PU18: 0 | PV18: 0 | PW18: 0 | PX18: 0 | PY18: 0 | PZ18: 0 | QA18: 0 | QB18: 0 | QC18: 0 | QD18: 0 | QE18: 0 | QF18: 0 | QG18: 0 | QH18: 0 | QI18: 0 | QJ18: 0 | QK18: 0 | QL18: 0 | QM18: 0 | QN18: 0 | QO18: 0 | QP18: 0 | QQ18: 0 | QR18: 0 | QS18: 0 | QT18: 0 | QU18: 0 | QV18: 0 | QW18: 0 | QX18: 0 | QY18: 0 | QZ18: 0 | RA18: 0 | RB18: 0 | RC18: 0 | RD18: 0 | RE18: 0 | RF18: 0 | RG18: 0 | RH18: 0 | RI18: 0 | RJ18: 0 | RK18: 0 | RL18: 0 | RM18: 0 | RN18: 0 | RO18: 0 | RP18: 0 | RQ18: 0 | RR18: 0 | RS18: 0 | RT18: 0 | RU18: 0 | RV18: 0 | RW18: 0 | RX18: 0 | RY18: 0 | RZ18: 0 | SA18: 0 | SB18: 0 | SC18: 0 | SD18: 0 | SE18: 0 | SF18: 0
B19: 0 | C19: 010020105040036-011 | D19: 0 | E19: 200*230cm | F19: 0 | G19: 0 | H19: 0 | I19: 0 | J19: 0 | K19: 0 | L19: 0 | M19: 0 | N19: 0 | O19: 0 | P19: 0 | Q19: 0 | R19: 0 | S19: 0 | T19: 0 | U19: 0 | V19: 0 | W19: 0 | X19: 0 | Y19: 0 | Z19: 0 | AA19: 0 | AB19: 0 | AC19: 0 | AD19: 0 | AE19: 0 | AF19: 0 | AG19: 0 | AH19: 0 | AI19: 0 | AJ19: 0 | AK19: 0 | AL19: 0 | AM19: 0 | AN19: 0 | AO19: 0 | AP19: 0 | AQ19: 0 | AR19: 0 | AS19: 0 | AT19: 0 | AU19: 0 | AV19: 0 | AW19: 0 | AX19: 0 | AY19: 0 | AZ19: 0 | BA19: 0 | BB19: 0 | BC19: 0 | BD19: 0 | BE19: 0 | BF19: 0 | BG19: 0 | BH19: 0 | BI19: 0 | BJ19: 0 | BK19: 0 | BL19: 0 | BM19: 0 | BN19: 0 | BO19: 0 | BP19: 0 | BQ19: 0 | BR19: 0 | BS19: 0 | BT19: 0 | BU19: 84 | BV19: 224 | BW19: 0 | BX19: 29 | BY19: 0 | BZ19: 0 | CA19: 612 | CB19: 102 | CC19: 290 | CD19: 106 | CE19: 67 | CF19: 6 | CG19: 168 | CH19: 89 | CI19: 451 | CJ19: 584 | CK19: 278 | CL19: 311 | CM19: 109 | CN19: 1 | CO19: 74 | CP19: 88 | CQ19: 861 | CR19: 0 | CS19: 378 | CT19: 607 | CU19: 688 | CV19: 733 | CW19: 668 | CX19: 560 | CY19: 492 | CZ19: 168 | DA19: 258 | DB19: 0 | DC19: 0 | DD19: 0 | DE19: 0 | DF19: 0 | DG19: 0 | DH19: 0 | DI19: 0 | DJ19: 0 | DK19: 0 | DL19: 0 | DM19: 0 | DN19: 0 | DO19: 0 | DP19: 0 | DQ19: 0 | DR19: 0 | DS19: 0 | DT19: 0 | DU19: 0 | DV19: 0 | DW19: 0 | DX19: 0 | DY19: 0 | DZ19: 0 | EA19: 0 | EB19: 0 | EC19: 0 | ED19: 0 | EE19: 0 | EF19: 0 | EG19: 0 | EH19: 0 | EI19: 0 | EJ19: 0 | EK19: 0 | EL19: 0 | EM19: 0 | EN19: 0 | EO19: 0 | EP19: 0 | EQ19: 0 | ER19: 0 | ES19: 0 | ET19: 0 | EU19: 0 | EV19: 0 | EW19: 0 | EX19: 0 | EY19: 0 | EZ19: 0 | FA19: 0 | FB19: 0 | FC19: 0 | FD19: 0 | FE19: 0 | FF19: 0 | FG19: 0 | FH19: 0 | FI19: 0 | FJ19: 0 | FK19: 0 | FL19: 0 | FM19: 0 | FN19: 0 | FO19: 0 | FP19: 0 | FQ19: 0 | FR19: 0 | FS19: 0 | FT19: 0 | FU19: 0 | FV19: 0 | FW19: 0 | FX19: 0 | FY19: 0 | FZ19: 0 | GA19: 0 | GB19: 0 | GC19: 0 | GD19: 0 | GE19: 0 | GF19: 0 | GG19: 0 | GH19: 0 | GI19: 0 | GJ19: 0 | GK19: 0 | GL19: 0 | GM19: 0 | GN19: 0 | GO19: 0 | GP19: 0 | GQ19: 0 | GR19: 0 | GS19: 0 | GT19: 0 | GU19: 0 | GV19: 0 | GW19: 0 | GX19: 0 | GY19: 0 | GZ19: 0 | HA19: 0 | HB19: 0 | HC19: 0 | HD19: 0 | HE19: 0 | HF19: 0 | HG19: 0 | HH19: 0 | HI19: 0 | HJ19: 0 | HK19: 0 | HL19: 0 | HM19: 0 | HN19: 0 | HO19: 0 | HP19: 0 | HQ19: 0 | HR19: 0 | HS19: 0 | HT19: 0 | HU19: 0 | HV19: 0 | HW19: 0 | HX19: 0 | HY19: 0 | HZ19: 0 | IA19: 0 | IB19: 0 | IC19: 0 | ID19: 0 | IE19: 0 | IF19: 0 | IG19: 0 | IH19: 0 | II19: 0 | IJ19: 0 | IK19: 0 | IL19: 0 | IM19: 0 | IN19: 0 | IO19: 0 | IP19: 0 | IQ19: 0 | IR19: 0 | IS19: 0 | IT19: 0 | IU19: 0 | IV19: 0 | IW19: 0 | IX19: 0 | IY19: 0 | IZ19: 0 | JA19: 0 | JB19: 0 | JC19: 0 | JD19: 0 | JE19: 0 | JF19: 0 | JG19: 0 | JH19: 0 | JI19: 0 | JJ19: 0 | JK19: 0 | JL19: 0 | JM19: 0 | JN19: 0 | JO19: 0 | JP19: 0 | JQ19: 0 | JR19: 0 | JS19: 0 | JT19: 0 | JU19: 0 | JV19: 0 | JW19: 0 | JX19: 0 | JY19: 0 | JZ19: 0 | KA19: 0 | KB19: 0 | KC19: 0 | KD19: 0 | KE19: 0 | KF19: 0 | KG19: 0 | KH19: 0 | KI19: 0 | KJ19: 0 | KK19: 0 | KL19: 0 | KM19: 0 | KN19: 0 | KO19: 0 | KP19: 0 | KQ19: 0 | KR19: 0 | KS19: 0 | KT19: 0 | KU19: 0 | KV19: 0 | KW19: 0 | KX19: 0 | KY19: 0 | KZ19: 0 | LA19: 0 | LB19: 0 | LC19: 0 | LD19: 0 | LE19: 0 | LF19: 0 | LG19: 0 | LH19: 0 | LI19: 0 | LJ19: 0 | LK19: 0 | LL19: 0 | LM19: 0 | LN19: 0 | LO19: 0 | LP19: 0 | LQ19: 0 | LR19: 0 | LS19: 0 | LT19: 0 | LU19: 0 | LV19: 0 | LW19: 0 | LX19: 0 | LY19: 0 | LZ19: 0 | MA19: 0 | MB19: 0 | MC19: 0 | MD19: 0 | ME19: 0 | MF19: 0 | MG19: 0 | MH19: 0 | MI19: 0 | MJ19: 0 | MK19: 0 | ML19: 0 | MM19: 0 | MN19: 0 | MO19: 0 | MP19: 0 | MQ19: 0 | MR19: 0 | MS19: 0 | MT19: 0 | MU19: 0 | MV19: 0 | MW19: 0 | MX19: 0 | MY19: 0 | MZ19: 0 | NA19: 0 | NB19: 0 | NC19: 0 | ND19: 0 | NE19: 0 | NF19: 0 | NG19: 0 | NH19: 0 | NI19: 0 | NJ19: 0 | NK19: 0 | NL19: 0 | NM19: 0 | NN19: 0 | NO19: 0 | NP19: 0 | NQ19: 0 | NR19: 0 | NS19: 0 | NT19: 0 | NU19: 0 | NV19: 0 | NW19: 0 | NX19: 0 | NY19: 0 | NZ19: 0 | OA19: 0 | OB19: 0 | OC19: 0 | OD19: 0 | OE19: 0 | OF19: 0 | OG19: 0 | OH19: 0 | OI19: 0 | OJ19: 0 | OK19: 0 | OL19: 0 | OM19: 0 | ON19: 0 | OO19: 0 | OP19: 0 | OQ19: 0 | OR19: 0 | OS19: 0 | OT19: 0 | OU19: 0 | OV19: 0 | OW19: 0 | OX19: 0 | OY19: 0 | OZ19: 0 | PA19: 0 | PB19: 0 | PC19: 0 | PD19: 0 | PE19: 0 | PF19: 0 | PG19: 0 | PH19: 0 | PI19: 0 | PJ19: 0 | PK19: 0 | PL19: 0 | PM19: 0 | PN19: 0 | PO19: 0 | PP19: 0 | PQ19: 0 | PR19: 0 | PS19: 0 | PT19: 0 | PU19: 0 | PV19: 0 | PW19: 0 | PX19: 0 | PY19: 0 | PZ19: 0 | QA19: 0 | QB19: 0 | QC19: 0 | QD19: 0 | QE19: 0 | QF19: 0 | QG19: 0 | QH19: 0 | QI19: 0 | QJ19: 0 | QK19: 0 | QL19: 0 | QM19: 0 | QN19: 0 | QO19: 0 | QP19: 0 | QQ19: 0 | QR19: 0 | QS19: 0 | QT19: 0 | QU19: 0 | QV19: 0 | QW19: 0 | QX19: 0 | QY19: 0 | QZ19: 0 | RA19: 0 | RB19: 0 | RC19: 0 | RD19: 0 | RE19: 0 | RF19: 0 | RG19: 0 | RH19: 0 | RI19: 0 | RJ19: 0 | RK19: 0 | RL19: 0 | RM19: 0 | RN19: 0 | RO19: 0 | RP19: 0 | RQ19: 0 | RR19: 0 | RS19: 0 | RT19: 0 | RU19: 0 | RV19: 0 | RW19: 0 | RX19: 0 | RY19: 0 | RZ19: 0 | SA19: 0 | SB19: 0 | SC19: 0 | SD19: 0 | SE19: 0 | SF19: 0
B20: 0 | C20: 010020105040036-012 | D20: 0 | E20: 220*240cm | F20: 0 | G20: 0 | H20: 0 | I20: 0 | J20: 0 | K20: 0 | L20: 0 | M20: 0 | N20: 0 | O20: 0 | P20: 0 | Q20: 0 | R20: 0 | S20: 0 | T20: 0 | U20: 0 | V20: 0 | W20: 0 | X20: 0 | Y20: 0 | Z20: 0 | AA20: 0 | AB20: 0 | AC20: 0 | AD20: 0 | AE20: 0 | AF20: 0 | AG20: 0 | AH20: 0 | AI20: 0 | AJ20: 0 | AK20: 0 | AL20: 0 | AM20: 0 | AN20: 0 | AO20: 0 | AP20: 0 | AQ20: 0 | AR20: 0 | AS20: 0 | AT20: 0 | AU20: 0 | AV20: 0 | AW20: 0 | AX20: 0 | AY20: 0 | AZ20: 0 | BA20: 0 | BB20: 0 | BC20: 0 | BD20: 0 | BE20: 0 | BF20: 0 | BG20: 0 | BH20: 0 | BI20: 0 | BJ20: 0 | BK20: 0 | BL20: 0 | BM20: 0 | BN20: 0 | BO20: 0 | BP20: 0 | BQ20: 0 | BR20: 0 | BS20: 0 | BT20: 0 | BU20: 0 | BV20: 0 | BW20: 198 | BX20: 91 | BY20: 0 | BZ20: 0 | CA20: 77 | CB20: 0 | CC20: 282 | CD20: 112 | CE20: 46 | CF20: 175 | CG20: 30 | CH20: 108 | CI20: 140 | CJ20: 191 | CK20: 195 | CL20: 283 | CM20: 118 | CN20: 1 | CO20: 4 | CP20: 0 | CQ20: 255 | CR20: 87 | CS20: 373 | CT20: 0 | CU20: 0 | CV20: 74 | CW20: 437 | CX20: 841 | CY20: 445 | CZ20: 466 | DA20: 295 | DB20: 0 | DC20: 0 | DD20: 0 | DE20: 0 | DF20: 0 | DG20: 0 | DH20: 0 | DI20: 0 | DJ20: 0 | DK20: 0 | DL20: 0 | DM20: 0 | DN20: 0 | DO20: 0 | DP20: 0 | DQ20: 0 | DR20: 0 | DS20: 0 | DT20: 0 | DU20: 0 | DV20: 0 | DW20: 0 | DX20: 0 | DY20: 0 | DZ20: 0 | EA20: 0 | EB20: 0 | EC20: 0 | ED20: 0 | EE20: 0 | EF20: 0 | EG20: 0 | EH20: 0 | EI20: 0 | EJ20: 0 | EK20: 0 | EL20: 0 | EM20: 0 | EN20: 0 | EO20: 0 | EP20: 0 | EQ20: 0 | ER20: 0 | ES20: 0 | ET20: 0 | EU20: 0 | EV20: 0 | EW20: 0 | EX20: 0 | EY20: 0 | EZ20: 0 | FA20: 0 | FB20: 0 | FC20: 0 | FD20: 0 | FE20: 0 | FF20: 0 | FG20: 0 | FH20: 0 | FI20: 0 | FJ20: 0 | FK20: 0 | FL20: 0 | FM20: 0 | FN20: 0 | FO20: 0 | FP20: 0 | FQ20: 0 | FR20: 0 | FS20: 0 | FT20: 0 | FU20: 0 | FV20: 0 | FW20: 0 | FX20: 0 | FY20: 0 | FZ20: 0 | GA20: 0 | GB20: 0 | GC20: 0 | GD20: 0 | GE20: 0 | GF20: 0 | GG20: 0 | GH20: 0 | GI20: 0 | GJ20: 0 | GK20: 0 | GL20: 0 | GM20: 0 | GN20: 0 | GO20: 0 | GP20: 0 | GQ20: 0 | GR20: 0 | GS20: 0 | GT20: 0 | GU20: 0 | GV20: 0 | GW20: 0 | GX20: 0 | GY20: 0 | GZ20: 0 | HA20: 0 | HB20: 0 | HC20: 0 | HD20: 0 | HE20: 0 | HF20: 0 | HG20: 0 | HH20: 0 | HI20: 0 | HJ20: 0 | HK20: 0 | HL20: 0 | HM20: 0 | HN20: 0 | HO20: 0 | HP20: 0 | HQ20: 0 | HR20: 0 | HS20: 0 | HT20: 0 | HU20: 0 | HV20: 0 | HW20: 0 | HX20: 0 | HY20: 0 | HZ20: 0 | IA20: 0 | IB20: 0 | IC20: 0 | ID20: 0 | IE20: 0 | IF20: 0 | IG20: 0 | IH20: 0 | II20: 0 | IJ20: 0 | IK20: 0 | IL20: 0 | IM20: 0 | IN20: 0 | IO20: 0 | IP20: 0 | IQ20: 0 | IR20: 0 | IS20: 0 | IT20: 0 | IU20: 0 | IV20: 0 | IW20: 0 | IX20: 0 | IY20: 0 | IZ20: 0 | JA20: 0 | JB20: 0 | JC20: 0 | JD20: 0 | JE20: 0 | JF20: 0 | JG20: 0 | JH20: 0 | JI20: 0 | JJ20: 0 | JK20: 0 | JL20: 0 | JM20: 0 | JN20: 0 | JO20: 0 | JP20: 0 | JQ20: 0 | JR20: 0 | JS20: 0 | JT20: 0 | JU20: 0 | JV20: 0 | JW20: 0 | JX20: 0 | JY20: 0 | JZ20: 0 | KA20: 0 | KB20: 0 | KC20: 0 | KD20: 0 | KE20: 0 | KF20: 0 | KG20: 0 | KH20: 0 | KI20: 0 | KJ20: 0 | KK20: 0 | KL20: 0 | KM20: 0 | KN20: 0 | KO20: 0 | KP20: 0 | KQ20: 0 | KR20: 0 | KS20: 0 | KT20: 0 | KU20: 0 | KV20: 0 | KW20: 0 | KX20: 0 | KY20: 0 | KZ20: 0 | LA20: 0 | LB20: 0 | LC20: 0 | LD20: 0 | LE20: 0 | LF20: 0 | LG20: 0 | LH20: 0 | LI20: 0 | LJ20: 0 | LK20: 0 | LL20: 0 | LM20: 0 | LN20: 0 | LO20: 0 | LP20: 0 | LQ20: 0 | LR20: 0 | LS20: 0 | LT20: 0 | LU20: 0 | LV20: 0 | LW20: 0 | LX20: 0 | LY20: 0 | LZ20: 0 | MA20: 0 | MB20: 0 | MC20: 0 | MD20: 0 | ME20: 0 | MF20: 0 | MG20: 0 | MH20: 0 | MI20: 0 | MJ20: 0 | MK20: 0 | ML20: 0 | MM20: 0 | MN20: 0 | MO20: 0 | MP20: 0 | MQ20: 0 | MR20: 0 | MS20: 0 | MT20: 0 | MU20: 0 | MV20: 0 | MW20: 0 | MX20: 0 | MY20: 0 | MZ20: 0 | NA20: 0 | NB20: 0 | NC20: 0 | ND20: 0 | NE20: 0 | NF20: 0 | NG20: 0 | NH20: 0 | NI20: 0 | NJ20: 0 | NK20: 0 | NL20: 0 | NM20: 0 | NN20: 0 | NO20: 0 | NP20: 0 | NQ20: 0 | NR20: 0 | NS20: 0 | NT20: 0 | NU20: 0 | NV20: 0 | NW20: 0 | NX20: 0 | NY20: 0 | NZ20: 0 | OA20: 0 | OB20: 0 | OC20: 0 | OD20: 0 | OE20: 0 | OF20: 0 | OG20: 0 | OH20: 0 | OI20: 0 | OJ20: 0 | OK20: 0 | OL20: 0 | OM20: 0 | ON20: 0 | OO20: 0 | OP20: 0 | OQ20: 0 | OR20: 0 | OS20: 0 | OT20: 0 | OU20: 0 | OV20: 0 | OW20: 0 | OX20: 0 | OY20: 0 | OZ20: 0 | PA20: 0 | PB20: 0 | PC20: 0 | PD20: 0 | PE20: 0 | PF20: 0 | PG20: 0 | PH20: 0 | PI20: 0 | PJ20: 0 | PK20: 0 | PL20: 0 | PM20: 0 | PN20: 0 | PO20: 0 | PP20: 0 | PQ20: 0 | PR20: 0 | PS20: 0 | PT20: 0 | PU20: 0 | PV20: 0 | PW20: 0 | PX20: 0 | PY20: 0 | PZ20: 0 | QA20: 0 | QB20: 0 | QC20: 0 | QD20: 0 | QE20: 0 | QF20: 0 | QG20: 0 | QH20: 0 | QI20: 0 | QJ20: 0 | QK20: 0 | QL20: 0 | QM20: 0 | QN20: 0 | QO20: 0 | QP20: 0 | QQ20: 0 | QR20: 0 | QS20: 0 | QT20: 0 | QU20: 0 | QV20: 0 | QW20: 0 | QX20: 0 | QY20: 0 | QZ20: 0 | RA20: 0 | RB20: 0 | RC20: 0 | RD20: 0 | RE20: 0 | RF20: 0 | RG20: 0 | RH20: 0 | RI20: 0 | RJ20: 0 | RK20: 0 | RL20: 0 | RM20: 0 | RN20: 0 | RO20: 0 | RP20: 0 | RQ20: 0 | RR20: 0 | RS20: 0 | RT20: 0 | RU20: 0 | RV20: 0 | RW20: 0 | RX20: 0 | RY20: 0 | RZ20: 0 | SA20: 0 | SB20: 0 | SC20: 0 | SD20: 0 | SE20: 0 | SF20: 0
B21: 0 | C21: 010020105040036-013 | D21: 雾凇粉 | E21: 150*200cm | F21: 0 | G21: 0 | H21: 0 | I21: 0 | J21: 0 | K21: 0 | L21: 0 | M21: 0 | N21: 0 | O21: 0 | P21: 0 | Q21: 0 | R21: 0 | S21: 0 | T21: 0 | U21: 0 | V21: 0 | W21: 0 | X21: 0 | Y21: 0 | Z21: 0 | AA21: 0 | AB21: 0 | AC21: 0 | AD21: 0 | AE21: 0 | AF21: 0 | AG21: 0 | AH21: 0 | AI21: 0 | AJ21: 0 | AK21: 0 | AL21: 0 | AM21: 0 | AN21: 0 | AO21: 0 | AP21: 0 | AQ21: 0 | AR21: 0 | AS21: 0 | AT21: 0 | AU21: 0 | AV21: 0 | AW21: 0 | AX21: 0 | AY21: 0 | AZ21: 0 | BA21: 0 | BB21: 0 | BC21: 0 | BD21: 0 | BE21: 0 | BF21: 0 | BG21: 0 | BH21: 0 | BI21: 0 | BJ21: 0 | BK21: 0 | BL21: 0 | BM21: 0 | BN21: 0 | BO21: 0 | BP21: 0 | BQ21: 0 | BR21: 0 | BS21: 0 | BT21: 0 | BU21: 2 | BV21: 109 | BW21: 0 | BX21: 1 | BY21: 0 | BZ21: 0 | CA21: 47 | CB21: 372 | CC21: 1 | CD21: 1 | CE21: 55 | CF21: 0 | CG21: 0 | CH21: 145 | CI21: 122 | CJ21: 2 | CK21: 7 | CL21: 17 | CM21: 28 | CN21: 0 | CO21: 0 | CP21: 101 | CQ21: 219 | CR21: 103 | CS21: 91 | CT21: 52 | CU21: 141 | CV21: 72 | CW21: 0 | CX21: 146 | CY21: 295 | CZ21: 60 | DA21: 71 | DB21: 0 | DC21: 0 | DD21: 0 | DE21: 0 | DF21: 0 | DG21: 0 | DH21: 0 | DI21: 0 | DJ21: 0 | DK21: 0 | DL21: 0 | DM21: 0 | DN21: 0 | DO21: 0 | DP21: 0 | DQ21: 0 | DR21: 0 | DS21: 0 | DT21: 0 | DU21: 0 | DV21: 0 | DW21: 0 | DX21: 0 | DY21: 0 | DZ21: 0 | EA21: 0 | EB21: 0 | EC21: 0 | ED21: 0 | EE21: 0 | EF21: 0 | EG21: 0 | EH21: 0 | EI21: 0 | EJ21: 0 | EK21: 0 | EL21: 0 | EM21: 0 | EN21: 0 | EO21: 0 | EP21: 0 | EQ21: 0 | ER21: 0 | ES21: 0 | ET21: 0 | EU21: 0 | EV21: 0 | EW21: 0 | EX21: 0 | EY21: 0 | EZ21: 0 | FA21: 0 | FB21: 0 | FC21: 0 | FD21: 0 | FE21: 0 | FF21: 0 | FG21: 0 | FH21: 0 | FI21: 0 | FJ21: 0 | FK21: 0 | FL21: 0 | FM21: 0 | FN21: 0 | FO21: 0 | FP21: 0 | FQ21: 0 | FR21: 0 | FS21: 0 | FT21: 0 | FU21: 0 | FV21: 0 | FW21: 0 | FX21: 0 | FY21: 0 | FZ21: 0 | GA21: 0 | GB21: 0 | GC21: 0 | GD21: 0 | GE21: 0 | GF21: 0 | GG21: 0 | GH21: 0 | GI21: 0 | GJ21: 0 | GK21: 0 | GL21: 0 | GM21: 0 | GN21: 0 | GO21: 0 | GP21: 0 | GQ21: 0 | GR21: 0 | GS21: 0 | GT21: 0 | GU21: 0 | GV21: 0 | GW21: 0 | GX21: 0 | GY21: 0 | GZ21: 0 | HA21: 0 | HB21: 0 | HC21: 0 | HD21: 0 | HE21: 0 | HF21: 0 | HG21: 0 | HH21: 0 | HI21: 0 | HJ21: 0 | HK21: 0 | HL21: 0 | HM21: 0 | HN21: 0 | HO21: 0 | HP21: 0 | HQ21: 0 | HR21: 0 | HS21: 0 | HT21: 0 | HU21: 0 | HV21: 0 | HW21: 0 | HX21: 0 | HY21: 0 | HZ21: 0 | IA21: 0 | IB21: 0 | IC21: 0 | ID21: 0 | IE21: 0 | IF21: 0 | IG21: 0 | IH21: 0 | II21: 0 | IJ21: 0 | IK21: 0 | IL21: 0 | IM21: 0 | IN21: 0 | IO21: 0 | IP21: 0 | IQ21: 0 | IR21: 0 | IS21: 0 | IT21: 0 | IU21: 0 | IV21: 0 | IW21: 0 | IX21: 0 | IY21: 0 | IZ21: 0 | JA21: 0 | JB21: 0 | JC21: 0 | JD21: 0 | JE21: 0 | JF21: 0 | JG21: 0 | JH21: 0 | JI21: 0 | JJ21: 0 | JK21: 0 | JL21: 0 | JM21: 0 | JN21: 0 | JO21: 0 | JP21: 0 | JQ21: 0 | JR21: 0 | JS21: 0 | JT21: 0 | JU21: 0 | JV21: 0 | JW21: 0 | JX21: 0 | JY21: 0 | JZ21: 0 | KA21: 0 | KB21: 0 | KC21: 0 | KD21: 0 | KE21: 0 | KF21: 0 | KG21: 0 | KH21: 0 | KI21: 0 | KJ21: 0 | KK21: 0 | KL21: 0 | KM21: 0 | KN21: 0 | KO21: 0 | KP21: 0 | KQ21: 0 | KR21: 0 | KS21: 0 | KT21: 0 | KU21: 0 | KV21: 0 | KW21: 0 | KX21: 0 | KY21: 0 | KZ21: 0 | LA21: 0 | LB21: 0 | LC21: 0 | LD21: 0 | LE21: 0 | LF21: 0 | LG21: 0 | LH21: 0 | LI21: 0 | LJ21: 0 | LK21: 0 | LL21: 0 | LM21: 0 | LN21: 0 | LO21: 0 | LP21: 0 | LQ21: 0 | LR21: 0 | LS21: 0 | LT21: 0 | LU21: 0 | LV21: 0 | LW21: 0 | LX21: 0 | LY21: 0 | LZ21: 0 | MA21: 0 | MB21: 0 | MC21: 0 | MD21: 0 | ME21: 0 | MF21: 0 | MG21: 0 | MH21: 0 | MI21: 0 | MJ21: 0 | MK21: 0 | ML21: 0 | MM21: 0 | MN21: 0 | MO21: 0 | MP21: 0 | MQ21: 0 | MR21: 0 | MS21: 0 | MT21: 0 | MU21: 0 | MV21: 0 | MW21: 0 | MX21: 0 | MY21: 0 | MZ21: 0 | NA21: 0 | NB21: 0 | NC21: 0 | ND21: 0 | NE21: 0 | NF21: 0 | NG21: 0 | NH21: 0 | NI21: 0 | NJ21: 0 | NK21: 0 | NL21: 0 | NM21: 0 | NN21: 0 | NO21: 0 | NP21: 0 | NQ21: 0 | NR21: 0 | NS21: 0 | NT21: 0 | NU21: 0 | NV21: 0 | NW21: 0 | NX21: 0 | NY21: 0 | NZ21: 0 | OA21: 0 | OB21: 0 | OC21: 0 | OD21: 0 | OE21: 0 | OF21: 0 | OG21: 0 | OH21: 0 | OI21: 0 | OJ21: 0 | OK21: 0 | OL21: 0 | OM21: 0 | ON21: 0 | OO21: 0 | OP21: 0 | OQ21: 0 | OR21: 0 | OS21: 0 | OT21: 0 | OU21: 0 | OV21: 0 | OW21: 0 | OX21: 0 | OY21: 0 | OZ21: 0 | PA21: 0 | PB21: 0 | PC21: 0 | PD21: 0 | PE21: 0 | PF21: 0 | PG21: 0 | PH21: 0 | PI21: 0 | PJ21: 0 | PK21: 0 | PL21: 0 | PM21: 0 | PN21: 0 | PO21: 0 | PP21: 0 | PQ21: 0 | PR21: 0 | PS21: 0 | PT21: 0 | PU21: 0 | PV21: 0 | PW21: 0 | PX21: 0 | PY21: 0 | PZ21: 0 | QA21: 0 | QB21: 0 | QC21: 0 | QD21: 0 | QE21: 0 | QF21: 0 | QG21: 0 | QH21: 0 | QI21: 0 | QJ21: 0 | QK21: 0 | QL21: 0 | QM21: 0 | QN21: 0 | QO21: 0 | QP21: 0 | QQ21: 0 | QR21: 0 | QS21: 0 | QT21: 0 | QU21: 0 | QV21: 0 | QW21: 0 | QX21: 0 | QY21: 0 | QZ21: 0 | RA21: 0 | RB21: 0 | RC21: 0 | RD21: 0 | RE21: 0 | RF21: 0 | RG21: 0 | RH21: 0 | RI21: 0 | RJ21: 0 | RK21: 0 | RL21: 0 | RM21: 0 | RN21: 0 | RO21: 0 | RP21: 0 | RQ21: 0 | RR21: 0 | RS21: 0 | RT21: 0 | RU21: 0 | RV21: 0 | RW21: 0 | RX21: 0 | RY21: 0 | RZ21: 0 | SA21: 0 | SB21: 0 | SC21: 0 | SD21: 0 | SE21: 0 | SF21: 0
B22: 0 | C22: 010020105040036-014 | D22: 0 | E22: 200*230cm | F22: 0 | G22: 0 | H22: 0 | I22: 0 | J22: 0 | K22: 0 | L22: 0 | M22: 0 | N22: 0 | O22: 0 | P22: 0 | Q22: 0 | R22: 0 | S22: 0 | T22: 0 | U22: 0 | V22: 0 | W22: 0 | X22: 0 | Y22: 0 | Z22: 0 | AA22: 0 | AB22: 0 | AC22: 0 | AD22: 0 | AE22: 0 | AF22: 0 | AG22: 0 | AH22: 0 | AI22: 0 | AJ22: 0 | AK22: 0 | AL22: 0 | AM22: 0 | AN22: 0 | AO22: 0 | AP22: 0 | AQ22: 0 | AR22: 0 | AS22: 0 | AT22: 0 | AU22: 0 | AV22: 0 | AW22: 0 | AX22: 0 | AY22: 0 | AZ22: 0 | BA22: 0 | BB22: 0 | BC22: 0 | BD22: 0 | BE22: 0 | BF22: 0 | BG22: 0 | BH22: 0 | BI22: 0 | BJ22: 0 | BK22: 0 | BL22: 0 | BM22: 0 | BN22: 0 | BO22: 0 | BP22: 0 | BQ22: 0 | BR22: 0 | BS22: 0 | BT22: 0 | BU22: 303 | BV22: 112 | BW22: 277 | BX22: 0 | BY22: 0 | BZ22: 0 | CA22: 107 | CB22: 298 | CC22: 9 | CD22: 140 | CE22: 88 | CF22: 152 | CG22: 518 | CH22: 77 | CI22: 105 | CJ22: 115 | CK22: 55 | CL22: 43 | CM22: 11 | CN22: 0 | CO22: 0 | CP22: 14 | CQ22: 192 | CR22: 114 | CS22: 216 | CT22: 260 | CU22: 418 | CV22: 153 | CW22: 354 | CX22: 131 | CY22: 0 | CZ22: 141 | DA22: 327 | DB22: 0 | DC22: 0 | DD22: 0 | DE22: 0 | DF22: 0 | DG22: 0 | DH22: 0 | DI22: 0 | DJ22: 0 | DK22: 0 | DL22: 0 | DM22: 0 | DN22: 0 | DO22: 0 | DP22: 0 | DQ22: 0 | DR22: 0 | DS22: 0 | DT22: 0 | DU22: 0 | DV22: 0 | DW22: 0 | DX22: 0 | DY22: 0 | DZ22: 0 | EA22: 0 | EB22: 0 | EC22: 0 | ED22: 0 | EE22: 0 | EF22: 0 | EG22: 0 | EH22: 0 | EI22: 0 | EJ22: 0 | EK22: 0 | EL22: 0 | EM22: 0 | EN22: 0 | EO22: 0 | EP22: 0 | EQ22: 0 | ER22: 0 | ES22: 0 | ET22: 0 | EU22: 0 | EV22: 0 | EW22: 0 | EX22: 0 | EY22: 0 | EZ22: 0 | FA22: 0 | FB22: 0 | FC22: 0 | FD22: 0 | FE22: 0 | FF22: 0 | FG22: 0 | FH22: 0 | FI22: 0 | FJ22: 0 | FK22: 0 | FL22: 0 | FM22: 0 | FN22: 0 | FO22: 0 | FP22: 0 | FQ22: 0 | FR22: 0 | FS22: 0 | FT22: 0 | FU22: 0 | FV22: 0 | FW22: 0 | FX22: 0 | FY22: 0 | FZ22: 0 | GA22: 0 | GB22: 0 | GC22: 0 | GD22: 0 | GE22: 0 | GF22: 0 | GG22: 0 | GH22: 0 | GI22: 0 | GJ22: 0 | GK22: 0 | GL22: 0 | GM22: 0 | GN22: 0 | GO22: 0 | GP22: 0 | GQ22: 0 | GR22: 0 | GS22: 0 | GT22: 0 | GU22: 0 | GV22: 0 | GW22: 0 | GX22: 0 | GY22: 0 | GZ22: 0 | HA22: 0 | HB22: 0 | HC22: 0 | HD22: 0 | HE22: 0 | HF22: 0 | HG22: 0 | HH22: 0 | HI22: 0 | HJ22: 0 | HK22: 0 | HL22: 0 | HM22: 0 | HN22: 0 | HO22: 0 | HP22: 0 | HQ22: 0 | HR22: 0 | HS22: 0 | HT22: 0 | HU22: 0 | HV22: 0 | HW22: 0 | HX22: 0 | HY22: 0 | HZ22: 0 | IA22: 0 | IB22: 0 | IC22: 0 | ID22: 0 | IE22: 0 | IF22: 0 | IG22: 0 | IH22: 0 | II22: 0 | IJ22: 0 | IK22: 0 | IL22: 0 | IM22: 0 | IN22: 0 | IO22: 0 | IP22: 0 | IQ22: 0 | IR22: 0 | IS22: 0 | IT22: 0 | IU22: 0 | IV22: 0 | IW22: 0 | IX22: 0 | IY22: 0 | IZ22: 0 | JA22: 0 | JB22: 0 | JC22: 0 | JD22: 0 | JE22: 0 | JF22: 0 | JG22: 0 | JH22: 0 | JI22: 0 | JJ22: 0 | JK22: 0 | JL22: 0 | JM22: 0 | JN22: 0 | JO22: 0 | JP22: 0 | JQ22: 0 | JR22: 0 | JS22: 0 | JT22: 0 | JU22: 0 | JV22: 0 | JW22: 0 | JX22: 0 | JY22: 0 | JZ22: 0 | KA22: 0 | KB22: 0 | KC22: 0 | KD22: 0 | KE22: 0 | KF22: 0 | KG22: 0 | KH22: 0 | KI22: 0 | KJ22: 0 | KK22: 0 | KL22: 0 | KM22: 0 | KN22: 0 | KO22: 0 | KP22: 0 | KQ22: 0 | KR22: 0 | KS22: 0 | KT22: 0 | KU22: 0 | KV22: 0 | KW22: 0 | KX22: 0 | KY22: 0 | KZ22: 0 | LA22: 0 | LB22: 0 | LC22: 0 | LD22: 0 | LE22: 0 | LF22: 0 | LG22: 0 | LH22: 0 | LI22: 0 | LJ22: 0 | LK22: 0 | LL22: 0 | LM22: 0 | LN22: 0 | LO22: 0 | LP22: 0 | LQ22: 0 | LR22: 0 | LS22: 0 | LT22: 0 | LU22: 0 | LV22: 0 | LW22: 0 | LX22: 0 | LY22: 0 | LZ22: 0 | MA22: 0 | MB22: 0 | MC22: 0 | MD22: 0 | ME22: 0 | MF22: 0 | MG22: 0 | MH22: 0 | MI22: 0 | MJ22: 0 | MK22: 0 | ML22: 0 | MM22: 0 | MN22: 0 | MO22: 0 | MP22: 0 | MQ22: 0 | MR22: 0 | MS22: 0 | MT22: 0 | MU22: 0 | MV22: 0 | MW22: 0 | MX22: 0 | MY22: 0 | MZ22: 0 | NA22: 0 | NB22: 0 | NC22: 0 | ND22: 0 | NE22: 0 | NF22: 0 | NG22: 0 | NH22: 0 | NI22: 0 | NJ22: 0 | NK22: 0 | NL22: 0 | NM22: 0 | NN22: 0 | NO22: 0 | NP22: 0 | NQ22: 0 | NR22: 0 | NS22: 0 | NT22: 0 | NU22: 0 | NV22: 0 | NW22: 0 | NX22: 0 | NY22: 0 | NZ22: 0 | OA22: 0 | OB22: 0 | OC22: 0 | OD22: 0 | OE22: 0 | OF22: 0 | OG22: 0 | OH22: 0 | OI22: 0 | OJ22: 0 | OK22: 0 | OL22: 0 | OM22: 0 | ON22: 0 | OO22: 0 | OP22: 0 | OQ22: 0 | OR22: 0 | OS22: 0 | OT22: 0 | OU22: 0 | OV22: 0 | OW22: 0 | OX22: 0 | OY22: 0 | OZ22: 0 | PA22: 0 | PB22: 0 | PC22: 0 | PD22: 0 | PE22: 0 | PF22: 0 | PG22: 0 | PH22: 0 | PI22: 0 | PJ22: 0 | PK22: 0 | PL22: 0 | PM22: 0 | PN22: 0 | PO22: 0 | PP22: 0 | PQ22: 0 | PR22: 0 | PS22: 0 | PT22: 0 | PU22: 0 | PV22: 0 | PW22: 0 | PX22: 0 | PY22: 0 | PZ22: 0 | QA22: 0 | QB22: 0 | QC22: 0 | QD22: 0 | QE22: 0 | QF22: 0 | QG22: 0 | QH22: 0 | QI22: 0 | QJ22: 0 | QK22: 0 | QL22: 0 | QM22: 0 | QN22: 0 | QO22: 0 | QP22: 0 | QQ22: 0 | QR22: 0 | QS22: 0 | QT22: 0 | QU22: 0 | QV22: 0 | QW22: 0 | QX22: 0 | QY22: 0 | QZ22: 0 | RA22: 0 | RB22: 0 | RC22: 0 | RD22: 0 | RE22: 0 | RF22: 0 | RG22: 0 | RH22: 0 | RI22: 0 | RJ22: 0 | RK22: 0 | RL22: 0 | RM22: 0 | RN22: 0 | RO22: 0 | RP22: 0 | RQ22: 0 | RR22: 0 | RS22: 0 | RT22: 0 | RU22: 0 | RV22: 0 | RW22: 0 | RX22: 0 | RY22: 0 | RZ22: 0 | SA22: 0 | SB22: 0 | SC22: 0 | SD22: 0 | SE22: 0 | SF22: 0
B23: 0 | C23: 010020105040036-015 | D23: 0 | E23: 220*240cm | F23: 0 | G23: 0 | H23: 0 | I23: 0 | J23: 0 | K23: 0 | L23: 0 | M23: 0 | N23: 0 | O23: 0 | P23: 0 | Q23: 0 | R23: 0 | S23: 0 | T23: 0 | U23: 0 | V23: 0 | W23: 0 | X23: 0 | Y23: 0 | Z23: 0 | AA23: 0 | AB23: 0 | AC23: 0 | AD23: 0 | AE23: 0 | AF23: 0 | AG23: 0 | AH23: 0 | AI23: 0 | AJ23: 0 | AK23: 0 | AL23: 0 | AM23: 0 | AN23: 0 | AO23: 0 | AP23: 0 | AQ23: 0 | AR23: 0 | AS23: 0 | AT23: 0 | AU23: 0 | AV23: 0 | AW23: 0 | AX23: 0 | AY23: 0 | AZ23: 0 | BA23: 0 | BB23: 0 | BC23: 0 | BD23: 0 | BE23: 0 | BF23: 0 | BG23: 0 | BH23: 0 | BI23: 0 | BJ23: 0 | BK23: 0 | BL23: 0 | BM23: 0 | BN23: 0 | BO23: 0 | BP23: 0 | BQ23: 0 | BR23: 0 | BS23: 0 | BT23: 0 | BU23: 149 | BV23: 0 | BW23: 59 | BX23: 0 | BY23: 0 | BZ23: 0 | CA23: 0 | CB23: 82 | CC23: 0 | CD23: 5 | CE23: 167 | CF23: 45 | CG23: 0 | CH23: 115 | CI23: 15 | CJ23: 128 | CK23: 0 | CL23: 0 | CM23: 22 | CN23: 38 | CO23: 77 | CP23: 108 | CQ23: 248 | CR23: 38 | CS23: 113 | CT23: 14 | CU23: 220 | CV23: 211 | CW23: 96 | CX23: 100 | CY23: 0 | CZ23: 236 | DA23: 513 | DB23: 0 | DC23: 0 | DD23: 0 | DE23: 0 | DF23: 0 | DG23: 0 | DH23: 0 | DI23: 0 | DJ23: 0 | DK23: 0 | DL23: 0 | DM23: 0 | DN23: 0 | DO23: 0 | DP23: 0 | DQ23: 0 | DR23: 0 | DS23: 0 | DT23: 0 | DU23: 0 | DV23: 0 | DW23: 0 | DX23: 0 | DY23: 0 | DZ23: 0 | EA23: 0 | EB23: 0 | EC23: 0 | ED23: 0 | EE23: 0 | EF23: 0 | EG23: 0 | EH23: 0 | EI23: 0 | EJ23: 0 | EK23: 0 | EL23: 0 | EM23: 0 | EN23: 0 | EO23: 0 | EP23: 0 | EQ23: 0 | ER23: 0 | ES23: 0 | ET23: 0 | EU23: 0 | EV23: 0 | EW23: 0 | EX23: 0 | EY23: 0 | EZ23: 0 | FA23: 0 | FB23: 0 | FC23: 0 | FD23: 0 | FE23: 0 | FF23: 0 | FG23: 0 | FH23: 0 | FI23: 0 | FJ23: 0 | FK23: 0 | FL23: 0 | FM23: 0 | FN23: 0 | FO23: 0 | FP23: 0 | FQ23: 0 | FR23: 0 | FS23: 0 | FT23: 0 | FU23: 0 | FV23: 0 | FW23: 0 | FX23: 0 | FY23: 0 | FZ23: 0 | GA23: 0 | GB23: 0 | GC23: 0 | GD23: 0 | GE23: 0 | GF23: 0 | GG23: 0 | GH23: 0 | GI23: 0 | GJ23: 0 | GK23: 0 | GL23: 0 | GM23: 0 | GN23: 0 | GO23: 0 | GP23: 0 | GQ23: 0 | GR23: 0 | GS23: 0 | GT23: 0 | GU23: 0 | GV23: 0 | GW23: 0 | GX23: 0 | GY23: 0 | GZ23: 0 | HA23: 0 | HB23: 0 | HC23: 0 | HD23: 0 | HE23: 0 | HF23: 0 | HG23: 0 | HH23: 0 | HI23: 0 | HJ23: 0 | HK23: 0 | HL23: 0 | HM23: 0 | HN23: 0 | HO23: 0 | HP23: 0 | HQ23: 0 | HR23: 0 | HS23: 0 | HT23: 0 | HU23: 0 | HV23: 0 | HW23: 0 | HX23: 0 | HY23: 0 | HZ23: 0 | IA23: 0 | IB23: 0 | IC23: 0 | ID23: 0 | IE23: 0 | IF23: 0 | IG23: 0 | IH23: 0 | II23: 0 | IJ23: 0 | IK23: 0 | IL23: 0 | IM23: 0 | IN23: 0 | IO23: 0 | IP23: 0 | IQ23: 0 | IR23: 0 | IS23: 0 | IT23: 0 | IU23: 0 | IV23: 0 | IW23: 0 | IX23: 0 | IY23: 0 | IZ23: 0 | JA23: 0 | JB23: 0 | JC23: 0 | JD23: 0 | JE23: 0 | JF23: 0 | JG23: 0 | JH23: 0 | JI23: 0 | JJ23: 0 | JK23: 0 | JL23: 0 | JM23: 0 | JN23: 0 | JO23: 0 | JP23: 0 | JQ23: 0 | JR23: 0 | JS23: 0 | JT23: 0 | JU23: 0 | JV23: 0 | JW23: 0 | JX23: 0 | JY23: 0 | JZ23: 0 | KA23: 0 | KB23: 0 | KC23: 0 | KD23: 0 | KE23: 0 | KF23: 0 | KG23: 0 | KH23: 0 | KI23: 0 | KJ23: 0 | KK23: 0 | KL23: 0 | KM23: 0 | KN23: 0 | KO23: 0 | KP23: 0 | KQ23: 0 | KR23: 0 | KS23: 0 | KT23: 0 | KU23: 0 | KV23: 0 | KW23: 0 | KX23: 0 | KY23: 0 | KZ23: 0 | LA23: 0 | LB23: 0 | LC23: 0 | LD23: 0 | LE23: 0 | LF23: 0 | LG23: 0 | LH23: 0 | LI23: 0 | LJ23: 0 | LK23: 0 | LL23: 0 | LM23: 0 | LN23: 0 | LO23: 0 | LP23: 0 | LQ23: 0 | LR23: 0 | LS23: 0 | LT23: 0 | LU23: 0 | LV23: 0 | LW23: 0 | LX23: 0 | LY23: 0 | LZ23: 0 | MA23: 0 | MB23: 0 | MC23: 0 | MD23: 0 | ME23: 0 | MF23: 0 | MG23: 0 | MH23: 0 | MI23: 0 | MJ23: 0 | MK23: 0 | ML23: 0 | MM23: 0 | MN23: 0 | MO23: 0 | MP23: 0 | MQ23: 0 | MR23: 0 | MS23: 0 | MT23: 0 | MU23: 0 | MV23: 0 | MW23: 0 | MX23: 0 | MY23: 0 | MZ23: 0 | NA23: 0 | NB23: 0 | NC23: 0 | ND23: 0 | NE23: 0 | NF23: 0 | NG23: 0 | NH23: 0 | NI23: 0 | NJ23: 0 | NK23: 0 | NL23: 0 | NM23: 0 | NN23: 0 | NO23: 0 | NP23: 0 | NQ23: 0 | NR23: 0 | NS23: 0 | NT23: 0 | NU23: 0 | NV23: 0 | NW23: 0 | NX23: 0 | NY23: 0 | NZ23: 0 | OA23: 0 | OB23: 0 | OC23: 0 | OD23: 0 | OE23: 0 | OF23: 0 | OG23: 0 | OH23: 0 | OI23: 0 | OJ23: 0 | OK23: 0 | OL23: 0 | OM23: 0 | ON23: 0 | OO23: 0 | OP23: 0 | OQ23: 0 | OR23: 0 | OS23: 0 | OT23: 0 | OU23: 0 | OV23: 0 | OW23: 0 | OX23: 0 | OY23: 0 | OZ23: 0 | PA23: 0 | PB23: 0 | PC23: 0 | PD23: 0 | PE23: 0 | PF23: 0 | PG23: 0 | PH23: 0 | PI23: 0 | PJ23: 0 | PK23: 0 | PL23: 0 | PM23: 0 | PN23: 0 | PO23: 0 | PP23: 0 | PQ23: 0 | PR23: 0 | PS23: 0 | PT23: 0 | PU23: 0 | PV23: 0 | PW23: 0 | PX23: 0 | PY23: 0 | PZ23: 0 | QA23: 0 | QB23: 0 | QC23: 0 | QD23: 0 | QE23: 0 | QF23: 0 | QG23: 0 | QH23: 0 | QI23: 0 | QJ23: 0 | QK23: 0 | QL23: 0 | QM23: 0 | QN23: 0 | QO23: 0 | QP23: 0 | QQ23: 0 | QR23: 0 | QS23: 0 | QT23: 0 | QU23: 0 | QV23: 0 | QW23: 0 | QX23: 0 | QY23: 0 | QZ23: 0 | RA23: 0 | RB23: 0 | RC23: 0 | RD23: 0 | RE23: 0 | RF23: 0 | RG23: 0 | RH23: 0 | RI23: 0 | RJ23: 0 | RK23: 0 | RL23: 0 | RM23: 0 | RN23: 0 | RO23: 0 | RP23: 0 | RQ23: 0 | RR23: 0 | RS23: 0 | RT23: 0 | RU23: 0 | RV23: 0 | RW23: 0 | RX23: 0 | RY23: 0 | RZ23: 0 | SA23: 0 | SB23: 0 | SC23: 0 | SD23: 0 | SE23: 0 | SF23: 0
B24: 0 | C24: 010020105040036-016 | D24: 云朵白 | E24: 150*200cm | F24: 0 | G24: 0 | H24: 0 | I24: 0 | J24: 0 | K24: 0 | L24: 0 | M24: 0 | N24: 0 | O24: 0 | P24: 0 | Q24: 0 | R24: 0 | S24: 0 | T24: 0 | U24: 0 | V24: 0 | W24: 0 | X24: 0 | Y24: 0 | Z24: 0 | AA24: 0 | AB24: 0 | AC24: 0 | AD24: 0 | AE24: 0 | AF24: 0 | AG24: 0 | AH24: 0 | AI24: 0 | AJ24: 0 | AK24: 0 | AL24: 0 | AM24: 0 | AN24: 0 | AO24: 0 | AP24: 0 | AQ24: 0 | AR24: 0 | AS24: 0 | AT24: 0 | AU24: 0 | AV24: 0 | AW24: 0 | AX24: 0 | AY24: 0 | AZ24: 0 | BA24: 0 | BB24: 0 | BC24: 0 | BD24: 0 | BE24: 0 | BF24: 0 | BG24: 0 | BH24: 0 | BI24: 0 | BJ24: 0 | BK24: 0 | BL24: 0 | BM24: 0 | BN24: 0 | BO24: 0 | BP24: 0 | BQ24: 0 | BR24: 0 | BS24: 0 | BT24: 0 | BU24: 196 | BV24: 32 | BW24: 0 | BX24: 0 | BY24: 0 | BZ24: 0 | CA24: 0 | CB24: 21 | CC24: 1 | CD24: 0 | CE24: 0 | CF24: 9 | CG24: 82 | CH24: 0 | CI24: 175 | CJ24: 2 | CK24: 1 | CL24: 5 | CM24: 11 | CN24: 0 | CO24: 0 | CP24: 0 | CQ24: 0 | CR24: 0 | CS24: 0 | CT24: 119 | CU24: 14 | CV24: 19 | CW24: 7 | CX24: 6 | CY24: 0 | CZ24: 0 | DA24: 0 | DB24: 0 | DC24: 0 | DD24: 0 | DE24: 0 | DF24: 0 | DG24: 0 | DH24: 0 | DI24: 0 | DJ24: 0 | DK24: 0 | DL24: 0 | DM24: 0 | DN24: 0 | DO24: 0 | DP24: 0 | DQ24: 0 | DR24: 0 | DS24: 0 | DT24: 0 | DU24: 0 | DV24: 0 | DW24: 0 | DX24: 0 | DY24: 0 | DZ24: 0 | EA24: 0 | EB24: 0 | EC24: 0 | ED24: 0 | EE24: 0 | EF24: 0 | EG24: 0 | EH24: 0 | EI24: 0 | EJ24: 0 | EK24: 0 | EL24: 0 | EM24: 0 | EN24: 0 | EO24: 0 | EP24: 0 | EQ24: 0 | ER24: 0 | ES24: 0 | ET24: 0 | EU24: 0 | EV24: 0 | EW24: 0 | EX24: 0 | EY24: 0 | EZ24: 0 | FA24: 0 | FB24: 0 | FC24: 0 | FD24: 0 | FE24: 0 | FF24: 0 | FG24: 0 | FH24: 0 | FI24: 0 | FJ24: 0 | FK24: 0 | FL24: 0 | FM24: 0 | FN24: 0 | FO24: 0 | FP24: 0 | FQ24: 0 | FR24: 0 | FS24: 0 | FT24: 0 | FU24: 0 | FV24: 0 | FW24: 0 | FX24: 0 | FY24: 0 | FZ24: 0 | GA24: 0 | GB24: 0 | GC24: 0 | GD24: 0 | GE24: 0 | GF24: 0 | GG24: 0 | GH24: 0 | GI24: 0 | GJ24: 0 | GK24: 0 | GL24: 0 | GM24: 0 | GN24: 0 | GO24: 0 | GP24: 0 | GQ24: 0 | GR24: 0 | GS24: 0 | GT24: 0 | GU24: 0 | GV24: 0 | GW24: 0 | GX24: 0 | GY24: 0 | GZ24: 0 | HA24: 0 | HB24: 0 | HC24: 0 | HD24: 0 | HE24: 0 | HF24: 0 | HG24: 0 | HH24: 0 | HI24: 0 | HJ24: 0 | HK24: 0 | HL24: 0 | HM24: 0 | HN24: 0 | HO24: 0 | HP24: 0 | HQ24: 0 | HR24: 0 | HS24: 0 | HT24: 0 | HU24: 0 | HV24: 0 | HW24: 0 | HX24: 0 | HY24: 0 | HZ24: 0 | IA24: 0 | IB24: 0 | IC24: 0 | ID24: 0 | IE24: 0 | IF24: 0 | IG24: 0 | IH24: 0 | II24: 0 | IJ24: 0 | IK24: 0 | IL24: 0 | IM24: 0 | IN24: 0 | IO24: 0 | IP24: 0 | IQ24: 0 | IR24: 0 | IS24: 0 | IT24: 0 | IU24: 0 | IV24: 0 | IW24: 0 | IX24: 0 | IY24: 0 | IZ24: 0 | JA24: 0 | JB24: 0 | JC24: 0 | JD24: 0 | JE24: 0 | JF24: 0 | JG24: 0 | JH24: 0 | JI24: 0 | JJ24: 0 | JK24: 0 | JL24: 0 | JM24: 0 | JN24: 0 | JO24: 0 | JP24: 0 | JQ24: 0 | JR24: 0 | JS24: 0 | JT24: 0 | JU24: 0 | JV24: 0 | JW24: 0 | JX24: 0 | JY24: 0 | JZ24: 0 | KA24: 0 | KB24: 0 | KC24: 0 | KD24: 0 | KE24: 0 | KF24: 0 | KG24: 0 | KH24: 0 | KI24: 0 | KJ24: 0 | KK24: 0 | KL24: 0 | KM24: 0 | KN24: 0 | KO24: 0 | KP24: 0 | KQ24: 0 | KR24: 0 | KS24: 0 | KT24: 0 | KU24: 0 | KV24: 0 | KW24: 0 | KX24: 0 | KY24: 0 | KZ24: 0 | LA24: 0 | LB24: 0 | LC24: 0 | LD24: 0 | LE24: 0 | LF24: 0 | LG24: 0 | LH24: 0 | LI24: 0 | LJ24: 0 | LK24: 0 | LL24: 0 | LM24: 0 | LN24: 0 | LO24: 0 | LP24: 0 | LQ24: 0 | LR24: 0 | LS24: 0 | LT24: 0 | LU24: 0 | LV24: 0 | LW24: 0 | LX24: 0 | LY24: 0 | LZ24: 0 | MA24: 0 | MB24: 0 | MC24: 0 | MD24: 0 | ME24: 0 | MF24: 0 | MG24: 0 | MH24: 0 | MI24: 0 | MJ24: 0 | MK24: 0 | ML24: 0 | MM24: 0 | MN24: 0 | MO24: 0 | MP24: 0 | MQ24: 0 | MR24: 0 | MS24: 0 | MT24: 0 | MU24: 0 | MV24: 0 | MW24: 0 | MX24: 0 | MY24: 0 | MZ24: 0 | NA24: 0 | NB24: 0 | NC24: 0 | ND24: 0 | NE24: 0 | NF24: 0 | NG24: 0 | NH24: 0 | NI24: 0 | NJ24: 0 | NK24: 0 | NL24: 0 | NM24: 0 | NN24: 0 | NO24: 0 | NP24: 0 | NQ24: 0 | NR24: 0 | NS24: 0 | NT24: 0 | NU24: 0 | NV24: 0 | NW24: 0 | NX24: 0 | NY24: 0 | NZ24: 0 | OA24: 0 | OB24: 0 | OC24: 0 | OD24: 0 | OE24: 0 | OF24: 0 | OG24: 0 | OH24: 0 | OI24: 0 | OJ24: 0 | OK24: 0 | OL24: 0 | OM24: 0 | ON24: 0 | OO24: 0 | OP24: 0 | OQ24: 0 | OR24: 0 | OS24: 0 | OT24: 0 | OU24: 0 | OV24: 0 | OW24: 0 | OX24: 0 | OY24: 0 | OZ24: 0 | PA24: 0 | PB24: 0 | PC24: 0 | PD24: 0 | PE24: 0 | PF24: 0 | PG24: 0 | PH24: 0 | PI24: 0 | PJ24: 0 | PK24: 0 | PL24: 0 | PM24: 0 | PN24: 0 | PO24: 0 | PP24: 0 | PQ24: 0 | PR24: 0 | PS24: 0 | PT24: 0 | PU24: 0 | PV24: 0 | PW24: 0 | PX24: 0 | PY24: 0 | PZ24: 0 | QA24: 0 | QB24: 0 | QC24: 0 | QD24: 0 | QE24: 0 | QF24: 0 | QG24: 0 | QH24: 0 | QI24: 0 | QJ24: 0 | QK24: 0 | QL24: 0 | QM24: 0 | QN24: 0 | QO24: 0 | QP24: 0 | QQ24: 0 | QR24: 0 | QS24: 0 | QT24: 0 | QU24: 0 | QV24: 0 | QW24: 0 | QX24: 0 | QY24: 0 | QZ24: 0 | RA24: 0 | RB24: 0 | RC24: 0 | RD24: 0 | RE24: 0 | RF24: 0 | RG24: 0 | RH24: 0 | RI24: 0 | RJ24: 0 | RK24: 0 | RL24: 0 | RM24: 0 | RN24: 0 | RO24: 0 | RP24: 0 | RQ24: 0 | RR24: 0 | RS24: 0 | RT24: 0 | RU24: 0 | RV24: 0 | RW24: 0 | RX24: 0 | RY24: 0 | RZ24: 0 | SA24: 0 | SB24: 0 | SC24: 0 | SD24: 0 | SE24: 0 | SF24: 0
A26: 万青 | B26: 名称 | C26: SKU | D26: 颜色 | E26: 尺寸 | F26: 45495 | G26: 45496 | H26: 45497 | I26: 45498 | J26: 45499 | K26: 45500 | L26: 45501 | M26: 45502 | N26: 45503 | O26: 45504 | P26: 45505 | Q26: 45506 | R26: 45507 | S26: 45508 | T26: 45509 | U26: 45510 | V26: 45511 | W26: 45512 | X26: 45513 | Y26: 45514 | Z26: 45515 | AA26: 45516 | AB26: 45517 | AC26: 45518 | AD26: 45519 | AE26: 45520 | AF26: 45521 | AG26: 45522 | AH26: 45523 | AI26: 45524 | AJ26: 45525 | AK26: 45526 | AL26: 45527 | AM26: 45528 | AN26: 45529 | AO26: 45530 | AP26: 45531 | AQ26: 45532 | AR26: 45533 | AS26: 45534 | AT26: 45535 | AU26: 45536 | AV26: 45537 | AW26: 45538 | AX26: 45539 | AY26: 45540 | AZ26: 45541 | BA26: 45542 | BB26: 45543 | BC26: 45544 | BD26: 45545 | BE26: 45546 | BF26: 45547 | BG26: 45548 | BH26: 45549 | BI26: 45550 | BJ26: 45551 | BK26: 45552 | BL26: 45553 | BM26: 45554 | BN26: 45555 | BO26: 45556 | BP26: 45557 | BQ26: 45558 | BR26: 45559 | BS26: 45560 | BT26: 45561 | BU26: 45562 | BV26: 45563 | BW26: 45564 | BX26: 45565 | BY26: 0 | BZ26: 0 | CA26: 0 | CB26: 0 | CC26: 0 | CD26: 0 | CE26: 0 | CF26: 0 | CG26: 0 | CH26: 0 | CI26: 0 | CJ26: 0
B27: 0 | C27: 0 | D27: 0 | E27: 对应到货批次 | F27: 0 | G27: 0 | H27: 0 | I27: 45503 | J27: 45503 | K27: 45503 | L27: 7/30/31 | M27: 7/30/31 | N27: 45504 | O27: 45508 | P27: 45508 | Q27: 45508 | R27: 45508 | S27: 45508 | T27: 45514 | U27: 45514 | V27: 45514 | W27: 45514 | X27: 45514 | Y27: 45520 | Z27: 45520 | AA27: 45520 | AB27: 45520 | AC27: 45520 | AD27: 45520 | AE27: 45524 | AF27: 45524 | AG27: 45524 | AH27: 45524 | AI27: 0 | AJ27: 0 | AK27: 0 | AL27: 0 | AM27: 0 | AN27: 0 | AO27: 0 | AP27: 0 | AQ27: 0 | AR27: 0 | AS27: 0 | AT27: 0 | AU27: 0 | AV27: 0 | AW27: 0 | AX27: 0 | AY27: 0 | AZ27: 0 | BA27: 0 | BB27: 0 | BC27: 0 | BD27: 0 | BE27: 0 | BF27: 0 | BG27: 0 | BH27: 0 | BI27: 0 | BJ27: 0 | BK27: 0 | BL27: 0 | BM27: 0 | BN27: 0 | BO27: 0 | BP27: 0 | BQ27: 0 | BR27: 0 | BS27: 0 | BT27: 0 | BU27: 0 | BV27: 0 | BW27: 0 | BX27: 0 | BY27: 0 | BZ27: 0 | CA27: 0 | CB27: 0 | CC27: 0 | CD27: 0 | CE27: 0 | CF27: 0 | CG27: 0 | CH27: 0 | CI27: 0 | CJ27: 0
B28: 亚朵星球 深睡控温被PRO | C28: 12800025601141516 | D28: 深空蓝 | E28: 150*200cm | F28: 0 | G28: 0 | H28: 0 | I28: 0 | J28: 0 | K28: 60 | L28: 70 | M28: 0 | N28: 16 | O28: 50 | P28: 0 | Q28: 100 | R28: 100 | S28: 50 | T28: 90 | U28: 100 | V28: 90 | W28: 84 | X28: 25 | Y28: 125 | Z28: 120 | AA28: 130 | AB28: 200 | AC28: 152 | AD28: 72 | AE28: 140 | AF28: 130 | AG28: 140 | AH28: 0 | AI28: 0 | AJ28: 0 | AK28: 0 | AL28: 0 | AM28: 0 | AN28: 0 | AO28: 0 | AP28: 0 | AQ28: 0 | AR28: 0 | AS28: 0 | AT28: 0 | AU28: 0 | AV28: 0 | AW28: 0 | AX28: 0 | AY28: 0 | AZ28: 0 | BA28: 0 | BB28: 0 | BC28: 0 | BD28: 0 | BE28: 0 | BF28: 0 | BG28: 0 | BH28: 0 | BI28: 0 | BJ28: 0 | BK28: 0 | BL28: 0 | BM28: 0 | BN28: 0 | BO28: 0 | BP28: 0 | BQ28: 0 | BR28: 0 | BS28: 0 | BT28: 0 | BU28: 0 | BV28: 0 | BW28: 0 | BX28: 0 | BY28: 0 | BZ28: 0 | CA28: 0 | CB28: 0 | CC28: 0 | CD28: 0 | CE28: 0 | CF28: 0 | CG28: 0 | CH28: 0 | CI28: 0 | CJ28: 0
B29: 0 | C29: 12800025601141514 | D29: 0 | E29: 200*230cm | F29: 0 | G29: 0 | H29: 0 | I29: 0 | J29: 0 | K29: 60 | L29: 0 | M29: 50 | N29: 250 | O29: 180 | P29: 200 | Q29: 100 | R29: 150 | S29: 330 | T29: 150 | U29: 150 | V29: 200 | W29: 250 | X29: 320 | Y29: 200 | Z29: 230 | AA29: 220 | AB29: 190 | AC29: 220 | AD29: 280 | AE29: 230 | AF29: 240 | AG29: 240 | AH29: 0 | AI29: 0 | AJ29: 0 | AK29: 0 | AL29: 0 | AM29: 0 | AN29: 0 | AO29: 0 | AP29: 0 | AQ29: 0 | AR29: 0 | AS29: 0 | AT29: 0 | AU29: 0 | AV29: 0 | AW29: 0 | AX29: 0 | AY29: 0 | AZ29: 0 | BA29: 0 | BB29: 0 | BC29: 0 | BD29: 0 | BE29: 0 | BF29: 0 | BG29: 0 | BH29: 0 | BI29: 0 | BJ29: 0 | BK29: 0 | BL29: 0 | BM29: 0 | BN29: 0 | BO29: 0 | BP29: 0 | BQ29: 0 | BR29: 0 | BS29: 0 | BT29: 0 | BU29: 0 | BV29: 0 | BW29: 0 | BX29: 0 | BY29: 0 | BZ29: 0 | CA29: 0 | CB29: 0 | CC29: 0 | CD29: 0 | CE29: 0 | CF29: 0 | CG29: 0 | CH29: 0 | CI29: 0 | CJ29: 0
B30: 0 | C30: 12800025601141513 | D30: 0 | E30: 220*240cm | F30: 0 | G30: 0 | H30: 0 | I30: 0 | J30: 0 | K30: 0 | L30: 50 | M30: 100 | N30: 0 | O30: 60 | P30: 123 | Q30: 100 | R30: 118 | S30: 0 | T30: 0 | U30: 50 | V30: 60 | W30: 80 | X30: 53 | Y30: 130 | Z30: 120 | AA30: 140 | AB30: 100 | AC30: 120 | AD30: 152 | AE30: 120 | AF30: 100 | AG30: 120 | AH30: 0 | AI30: 0 | AJ30: 0 | AK30: 0 | AL30: 0 | AM30: 0 | AN30: 0 | AO30: 0 | AP30: 0 | AQ30: 0 | AR30: 0 | AS30: 0 | AT30: 0 | AU30: 0 | AV30: 0 | AW30: 0 | AX30: 0 | AY30: 0 | AZ30: 0 | BA30: 0 | BB30: 0 | BC30: 0 | BD30: 0 | BE30: 0 | BF30: 0 | BG30: 0 | BH30: 0 | BI30: 0 | BJ30: 0 | BK30: 0 | BL30: 0 | BM30: 0 | BN30: 0 | BO30: 0 | BP30: 0 | BQ30: 0 | BR30: 0 | BS30: 0 | BT30: 0 | BU30: 0 | BV30: 0 | BW30: 0 | BX30: 0 | BY30: 0 | BZ30: 0 | CA30: 0 | CB30: 0 | CC30: 0 | CD30: 0 | CE30: 0 | CF30: 0 | CG30: 0 | CH30: 0 | CI30: 0 | CJ30: 0
B31: 0 | C31: 12800025601141416 | D31: 黎明灰 | E31: 150*200cm | F31: 0 | G31: 0 | H31: 0 | I31: 0 | J31: 0 | K31: 0 | L31: 0 | M31: 90 | N31: 0 | O31: 0 | P31: 0 | Q31: 0 | R31: 0 | S31: 0 | T31: 0 | U31: 0 | V31: 0 | W31: 0 | X31: 0 | Y31: 0 | Z31: 0 | AA31: 0 | AB31: 0 | AC31: 0 | AD31: 0 | AE31: 0 | AF31: 0 | AG31: 0 | AH31: 0 | AI31: 0 | AJ31: 0 | AK31: 0 | AL31: 0 | AM31: 0 | AN31: 0 | AO31: 0 | AP31: 0 | AQ31: 0 | AR31: 0 | AS31: 0 | AT31: 0 | AU31: 0 | AV31: 0 | AW31: 0 | AX31: 0 | AY31: 0 | AZ31: 0 | BA31: 0 | BB31: 0 | BC31: 0 | BD31: 0 | BE31: 0 | BF31: 0 | BG31: 0 | BH31: 0 | BI31: 0 | BJ31: 0 | BK31: 0 | BL31: 0 | BM31: 0 | BN31: 0 | BO31: 0 | BP31: 0 | BQ31: 0 | BR31: 0 | BS31: 0 | BT31: 0 | BU31: 0 | BV31: 0 | BW31: 0 | BX31: 0 | BY31: 0 | BZ31: 0 | CA31: 0 | CB31: 0 | CC31: 0 | CD31: 0 | CE31: 0 | CF31: 0 | CG31: 0 | CH31: 0 | CI31: 0 | CJ31: 0
B32: 0 | C32: 12800025601141414 | D32: 0 | E32: 200*230cm | F32: 0 | G32: 0 | H32: 0 | I32: 0 | J32: 20 | K32: 60 | L32: 0 | M32: 60 | N32: 91 | O32: 0 | P32: 0 | Q32: 0 | R32: 0 | S32: 0 | T32: 0 | U32: 0 | V32: 0 | W32: 0 | X32: 0 | Y32: 0 | Z32: 0 | AA32: 0 | AB32: 0 | AC32: 0 | AD32: 0 | AE32: 0 | AF32: 0 | AG32: 0 | AH32: 0 | AI32: 0 | AJ32: 0 | AK32: 0 | AL32: 0 | AM32: 0 | AN32: 0 | AO32: 0 | AP32: 0 | AQ32: 0 | AR32: 0 | AS32: 0 | AT32: 0 | AU32: 0 | AV32: 0 | AW32: 0 | AX32: 0 | AY32: 0 | AZ32: 0 | BA32: 0 | BB32: 0 | BC32: 0 | BD32: 0 | BE32: 0 | BF32: 0 | BG32: 0 | BH32: 0 | BI32: 0 | BJ32: 0 | BK32: 0 | BL32: 0 | BM32: 0 | BN32: 0 | BO32: 0 | BP32: 0 | BQ32: 0 | BR32: 0 | BS32: 0 | BT32: 0 | BU32: 0 | BV32: 0 | BW32: 0 | BX32: 0 | BY32: 0 | BZ32: 0 | CA32: 0 | CB32: 0 | CC32: 0 | CD32: 0 | CE32: 0 | CF32: 0 | CG32: 0 | CH32: 0 | CI32: 0 | CJ32: 0
B33: 0 | C33: 12800025601141413 | D33: 0 | E33: 220*240cm | F33: 0 | G33: 0 | H33: 0 | I33: 0 | J33: 150 | K33: 200 | L33: 200 | M33: 0 | N33: 0 | O33: 0 | P33: 0 | Q33: 0 | R33: 0 | S33: 0 | T33: 0 | U33: 0 | V33: 0 | W33: 0 | X33: 0 | Y33: 0 | Z33: 0 | AA33: 0 | AB33: 0 | AC33: 0 | AD33: 0 | AE33: 0 | AF33: 0 | AG33: 0 | AH33: 0 | AI33: 0 | AJ33: 0 | AK33: 0 | AL33: 0 | AM33: 0 | AN33: 0 | AO33: 0 | AP33: 0 | AQ33: 0 | AR33: 0 | AS33: 0 | AT33: 0 | AU33: 0 | AV33: 0 | AW33: 0 | AX33: 0 | AY33: 0 | AZ33: 0 | BA33: 0 | BB33: 0 | BC33: 0 | BD33: 0 | BE33: 0 | BF33: 0 | BG33: 0 | BH33: 0 | BI33: 0 | BJ33: 0 | BK33: 0 | BL33: 0 | BM33: 0 | BN33: 0 | BO33: 0 | BP33: 0 | BQ33: 0 | BR33: 0 | BS33: 0 | BT33: 0 | BU33: 0 | BV33: 0 | BW33: 0 | BX33: 0 | BY33: 0 | BZ33: 0 | CA33: 0 | CB33: 0 | CC33: 0 | CD33: 0 | CE33: 0 | CF33: 0 | CG33: 0 | CH33: 0 | CI33: 0 | CJ33: 0
B34: 0 | C34: 12800025601141316 | D34: 朦胧黄 | E34: 150*200cm | F34: 0 | G34: 0 | H34: 0 | I34: 0 | J34: 0 | K34: 0 | L34: 0 | M34: 0 | N34: 0 | O34: 0 | P34: 0 | Q34: 0 | R34: 0 | S34: 0 | T34: 0 | U34: 0 | V34: 0 | W34: 0 | X34: 0 | Y34: 0 | Z34: 0 | AA34: 0 | AB34: 0 | AC34: 0 | AD34: 0 | AE34: 0 | AF34: 0 | AG34: 0 | AH34: 0 | AI34: 0 | AJ34: 0 | AK34: 0 | AL34: 0 | AM34: 0 | AN34: 0 | AO34: 0 | AP34: 0 | AQ34: 0 | AR34: 0 | AS34: 0 | AT34: 0 | AU34: 0 | AV34: 0 | AW34: 0 | AX34: 0 | AY34: 0 | AZ34: 0 | BA34: 0 | BB34: 0 | BC34: 0 | BD34: 0 | BE34: 0 | BF34: 0 | BG34: 0 | BH34: 0 | BI34: 0 | BJ34: 0 | BK34: 0 | BL34: 0 | BM34: 0 | BN34: 0 | BO34: 0 | BP34: 0 | BQ34: 0 | BR34: 0 | BS34: 0 | BT34: 0 | BU34: 0 | BV34: 0 | BW34: 0 | BX34: 0 | BY34: 0 | BZ34: 0 | CA34: 0 | CB34: 0 | CC34: 0 | CD34: 0 | CE34: 0 | CF34: 0 | CG34: 0 | CH34: 0 | CI34: 0 | CJ34: 0
B35: 0 | C35: 12800025601141314 | D35: 0 | E35: 200*230cm | F35: 0 | G35: 0 | H35: 0 | I35: 0 | J35: 0 | K35: 0 | L35: 0 | M35: 0 | N35: 0 | O35: 0 | P35: 0 | Q35: 0 | R35: 0 | S35: 0 | T35: 0 | U35: 0 | V35: 0 | W35: 0 | X35: 0 | Y35: 0 | Z35: 0 | AA35: 0 | AB35: 0 | AC35: 0 | AD35: 0 | AE35: 0 | AF35: 0 | AG35: 0 | AH35: 0 | AI35: 0 | AJ35: 0 | AK35: 0 | AL35: 0 | AM35: 0 | AN35: 0 | AO35: 0 | AP35: 0 | AQ35: 0 | AR35: 0 | AS35: 0 | AT35: 0 | AU35: 0 | AV35: 0 | AW35: 0 | AX35: 0 | AY35: 0 | AZ35: 0 | BA35: 0 | BB35: 0 | BC35: 0 | BD35: 0 | BE35: 0 | BF35: 0 | BG35: 0 | BH35: 0 | BI35: 0 | BJ35: 0 | BK35: 0 | BL35: 0 | BM35: 0 | BN35: 0 | BO35: 0 | BP35: 0 | BQ35: 0 | BR35: 0 | BS35: 0 | BT35: 0 | BU35: 0 | BV35: 0 | BW35: 0 | BX35: 0 | BY35: 0 | BZ35: 0 | CA35: 0 | CB35: 0 | CC35: 0 | CD35: 0 | CE35: 0 | CF35: 0 | CG35: 0 | CH35: 0 | CI35: 0 | CJ35: 0
B36: 0 | C36: 12800025601141313 | D36: 0 | E36: 220*240cm | F36: 0 | G36: 0 | H36: 0 | I36: 0 | J36: 0 | K36: 0 | L36: 0 | M36: 0 | N36: 0 | O36: 0 | P36: 0 | Q36: 0 | R36: 0 | S36: 0 | T36: 0 | U36: 0 | V36: 0 | W36: 0 | X36: 0 | Y36: 0 | Z36: 0 | AA36: 0 | AB36: 0 | AC36: 0 | AD36: 0 | AE36: 0 | AF36: 0 | AG36: 0 | AH36: 0 | AI36: 0 | AJ36: 0 | AK36: 0 | AL36: 0 | AM36: 0 | AN36: 0 | AO36: 0 | AP36: 0 | AQ36: 0 | AR36: 0 | AS36: 0 | AT36: 0 | AU36: 0 | AV36: 0 | AW36: 0 | AX36: 0 | AY36: 0 | AZ36: 0 | BA36: 0 | BB36: 0 | BC36: 0 | BD36: 0 | BE36: 0 | BF36: 0 | BG36: 0 | BH36: 0 | BI36: 0 | BJ36: 0 | BK36: 0 | BL36: 0 | BM36: 0 | BN36: 0 | BO36: 0 | BP36: 0 | BQ36: 0 | BR36: 0 | BS36: 0 | BT36: 0 | BU36: 0 | BV36: 0 | BW36: 0 | BX36: 0 | BY36: 0 | BZ36: 0 | CA36: 0 | CB36: 0 | CC36: 0 | CD36: 0 | CE36: 0 | CF36: 0 | CG36: 0 | CH36: 0 | CI36: 0 | CJ36: 0
B37: 0 | C37: 合计 | D37: 0 | E37: 0 | F37: 0 | G37: 0 | H37: 0 | I37: 0 | J37: 170 | K37: 380 | L37: 320 | M37: 300 | N37: 357 | O37: 290 | P37: 323 | Q37: 300 | R37: 368 | S37: 380 | T37: 240 | U37: 300 | V37: 350 | W37: 414 | X37: 398 | Y37: 455 | Z37: 470 | AA37: 490 | AB37: 490 | AC37: 492 | AD37: 504 | AE37: 490 | AF37: 470 | AG37: 500 | AH37: 0 | AI37: 0 | AJ37: 0 | AK37: 0 | AL37: 0 | AM37: 0 | AN37: 0 | AO37: 0 | AP37: 0 | AQ37: 0 | AR37: 0 | AS37: 0 | AT37: 0 | AU37: 0 | AV37: 0 | AW37: 0 | AX37: 0 | AY37: 0 | AZ37: 0 | BA37: 0 | BB37: 0 | BC37: 0 | BD37: 0 | BE37: 0 | BF37: 0 | BG37: 0 | BH37: 0 | BI37: 0 | BJ37: 0 | BK37: 0 | BL37: 0 | BM37: 0 | BN37: 0 | BO37: 0 | BP37: 0 | BQ37: 0 | BR37: 0 | BS37: 0 | BT37: 0 | BU37: 0 | BV37: 0 | BW37: 0 | BX37: 0 | BY37: 0 | BZ37: 0 | CA37: 0 | CB37: 0 | CC37: 0 | CD37: 0 | CE37: 0 | CF37: 0 | CG37: 0 | CH37: 0 | CI37: 0 | CJ37: 0
B38: 0 | C38: 0 | D38: 0 | E38: 0 | F38: 0 | G38: 0 | H38: 0 | I38: 0 | J38: 0 | K38: 0 | L38: 0 | M38: 0 | N38: 0 | O38: 0 | P38: 0 | Q38: 0 | R38: 0 | S38: 0 | T38: 0 | U38: 0 | V38: 0 | W38: 0 | X38: 0 | Y38: 0 | Z38: 0 | AA38: 0 | AB38: 0 | AC38: 0 | AD38: 0 | AE38: 0 | AF38: 0 | AG38: 0 | AH38: 0 | AI38: 0 | AJ38: 0 | AK38: 0 | AL38: 0 | AM38: 0 | AN38: 0 | AO38: 0 | AP38: 0 | AQ38: 0 | AR38: 0 | AS38: 0 | AT38: 0 | AU38: 0 | AV38: 0 | AW38: 0 | AX38: 0 | AY38: 0 | AZ38: 0 | BA38: 0 | BB38: 0 | BC38: 0 | BD38: 0 | BE38: 0 | BF38: 0 | BG38: 0 | BH38: 0 | BI38: 0 | BJ38: 0 | BK38: 0 | BL38: 0 | BM38: 0 | BN38: 0 | BO38: 0 | BP38: 0 | BQ38: 0 | BR38: 0 | BS38: 0 | BT38: 0 | BU38: 0 | BV38: 0 | BW38: 0 | BX38: 0 | BY38: 0 | BZ38: 0 | CA38: 0 | CB38: 0 | CC38: 0 | CD38: 0 | CE38: 0 | CF38: 0 | CG38: 0 | CH38: 0 | CI38: 0 | CJ38: 0
B39: 0 | C39: 0 | D39: 0 | E39: 0 | F39: 0 | G39: 0 | H39: 0 | I39: 0 | J39: 0 | K39: 0 | L39: 0 | M39: 0 | N39: 0 | O39: 0 | P39: 0 | Q39: 0 | R39: 0 | S39: 0 | T39: 0 | U39: 0 | V39: 0 | W39: 0 | X39: 0 | Y39: 0 | Z39: 0 | AA39: 0 | AB39: 0 | AC39: 0 | AD39: 0 | AE39: 0 | AF39: 0 | AG39: 0 | AH39: 0 | AI39: 0 | AJ39: 0 | AK39: 0 | AL39: 0 | AM39: 0 | AN39: 0 | AO39: 0 | AP39: 0 | AQ39: 0 | AR39: 0 | AS39: 0 | AT39: 0 | AU39: 0 | AV39: 0 | AW39: 0 | AX39: 0 | AY39: 0 | AZ39: 0 | BA39: 0 | BB39: 0 | BC39: 0 | BD39: 0 | BE39: 0 | BF39: 0 | BG39: 0 | BH39: 0 | BI39: 0 | BJ39: 0 | BK39: 0 | BL39: 0 | BM39: 0 | BN39: 0 | BO39: 0 | BP39: 0 | BQ39: 0 | BR39: 0 | BS39: 0 | BT39: 0 | BU39: 0 | BV39: 0 | BW39: 0 | BX39: 0 | BY39: 0 | BZ39: 0 | CA39: 0 | CB39: 0 | CC39: 0 | CD39: 0 | CE39: 0 | CF39: 0 | CG39: 0 | CH39: 0 | CI39: 0 | CJ39: 0
B40: 名称 | C40: SKU | D40: 颜色 | E40: 尺寸 | F40: 45514 | G40: 45515 | H40: 45516 | I40: 45517 | J40: 45518 | K40: 45519 | L40: 45520 | M40: 45521 | N40: 45522 | O40: 45523 | P40: 45524 | Q40: 45525 | R40: 45526 | S40: 45527 | T40: 45528 | U40: 45529 | V40: 45530 | W40: 45531 | X40: 45532 | Y40: 45533 | Z40: 45534 | AA40: 45535 | AB40: 45536 | AC40: 45537 | AD40: 45538 | AE40: 45539 | AF40: 45540 | AG40: 45541 | AH40: 45542 | AI40: 45543 | AJ40: 45544 | AK40: 45545 | AL40: 45546 | AM40: 45547 | AN40: 45548 | AO40: 45549 | AP40: 45550 | AQ40: 45551 | AR40: 45552 | AS40: 45553 | AT40: 45554 | AU40: 45555 | AV40: 45556 | AW40: 45557 | AX40: 45558 | AY40: 45559 | AZ40: 45560 | BA40: 45561 | BB40: 45562 | BC40: 45563 | BD40: 45564 | BE40: 45565 | BF40: 45566 | BG40: 45567 | BH40: 45568 | BI40: 45569 | BJ40: 45570 | BK40: 45571 | BL40: 45572 | BM40: 45573 | BN40: 45574 | BO40: 45575 | BP40: 45576 | BQ40: 45577 | BR40: 45578 | BS40: 45579 | BT40: 45580 | BU40: 45581 | BV40: 45582 | BW40: 45583 | BX40: 45584 | BY40: 45585 | BZ40: 45586 | CA40: 45587 | CB40: 45588 | CC40: 45589 | CD40: 45590 | CE40: 45591 | CF40: 45592 | CG40: 45593 | CH40: 45594 | CI40: 45595 | CJ40: 45596
B41: 0 | C41: 0 | D41: 0 | E41: 对应到货批次 | F41: 0 | G41: 0 | H41: 0 | I41: 0 | J41: 0 | K41: 0 | L41: 0 | M41: 0 | N41: 0 | O41: 0 | P41: 0 | Q41: 0 | R41: 0 | S41: 0 | T41: 0 | U41: 0 | V41: 0 | W41: 0 | X41: 0 | Y41: 0 | Z41: 0 | AA41: 0 | AB41: 0 | AC41: 0 | AD41: 0 | AE41: 0 | AF41: 0 | AG41: 0 | AH41: 0 | AI41: 0 | AJ41: 0 | AK41: 0 | AL41: 0 | AM41: 0 | AN41: 0 | AO41: 0 | AP41: 0 | AQ41: 0 | AR41: 0 | AS41: 0 | AT41: 0 | AU41: 0 | AV41: 0 | AW41: 0 | AX41: 0 | AY41: 0 | AZ41: 0 | BA41: 0 | BB41: 0 | BC41: 0 | BD41: 0 | BE41: 0 | BF41: 0 | BG41: 0 | BH41: 0 | BI41: 0 | BJ41: 0 | BK41: 0 | BL41: 0 | BM41: 0 | BN41: 0 | BO41: 0 | BP41: 0 | BQ41: 0 | BR41: 0 | BS41: 0 | BT41: 0 | BU41: 0 | BV41: 0 | BW41: 0 | BX41: 0 | BY41: 0 | BZ41: 0 | CA41: 0 | CB41: 0 | CC41: 0 | CD41: 0 | CE41: 0 | CF41: 0 | CG41: 0 | CH41: 0 | CI41: 0 | CJ41: 0
B42: 亚朵星球 深睡控温被PRO 排湿层 | C42: 010020103030019-001 | D42: 淡蓝 【搭配深空蓝】 | E42: 150*200cm | F42: 0 | G42: 0 | H42: 0 | I42: 0 | J42: 0 | K42: 0 | L42: 0 | M42: 0 | N42: 0 | O42: 0 | P42: 0 | Q42: 0 | R42: 0 | S42: 0 | T42: 0 | U42: 0 | V42: 0 | W42: 0 | X42: 0 | Y42: 0 | Z42: 0 | AA42: 0 | AB42: 0 | AC42: 0 | AD42: 0 | AE42: 0 | AF42: 0 | AG42: 0 | AH42: 0 | AI42: 0 | AJ42: 0 | AK42: 0 | AL42: 0 | AM42: 0 | AN42: 0 | AO42: 0 | AP42: 0 | AQ42: 0 | AR42: 0 | AS42: 0 | AT42: 0 | AU42: 0 | AV42: 0 | AW42: 0 | AX42: 0 | AY42: 0 | AZ42: 0 | BA42: 0 | BB42: 0 | BC42: 0 | BD42: 0 | BE42: 0 | BF42: 0 | BG42: 0 | BH42: 0 | BI42: 0 | BJ42: 0 | BK42: 0 | BL42: 0 | BM42: 0 | BN42: 0 | BO42: 0 | BP42: 0 | BQ42: 0 | BR42: 0 | BS42: 0 | BT42: 0 | BU42: 0 | BV42: 0 | BW42: 0 | BX42: 0 | BY42: 0 | BZ42: 0 | CA42: 0 | CB42: 0 | CC42: 0 | CD42: 0 | CE42: 0 | CF42: 0 | CG42: 0 | CH42: 0 | CI42: 0 | CJ42: 0
B43: 0 | C43: 010020103030019-002 | D43: 0 | E43: 200*230cm | F43: 0 | G43: 0 | H43: 0 | I43: 0 | J43: 0 | K43: 0 | L43: 0 | M43: 0 | N43: 0 | O43: 0 | P43: 0 | Q43: 0 | R43: 0 | S43: 0 | T43: 0 | U43: 0 | V43: 0 | W43: 0 | X43: 0 | Y43: 0 | Z43: 0 | AA43: 0 | AB43: 0 | AC43: 0 | AD43: 0 | AE43: 0 | AF43: 0 | AG43: 0 | AH43: 0 | AI43: 0 | AJ43: 0 | AK43: 0 | AL43: 0 | AM43: 0 | AN43: 0 | AO43: 0 | AP43: 0 | AQ43: 0 | AR43: 0 | AS43: 0 | AT43: 0 | AU43: 0 | AV43: 0 | AW43: 0 | AX43: 0 | AY43: 0 | AZ43: 0 | BA43: 0 | BB43: 0 | BC43: 0 | BD43: 0 | BE43: 0 | BF43: 0 | BG43: 0 | BH43: 0 | BI43: 0 | BJ43: 0 | BK43: 0 | BL43: 0 | BM43: 0 | BN43: 0 | BO43: 0 | BP43: 0 | BQ43: 0 | BR43: 0 | BS43: 0 | BT43: 0 | BU43: 0 | BV43: 0 | BW43: 0 | BX43: 0 | BY43: 0 | BZ43: 0 | CA43: 0 | CB43: 0 | CC43: 0 | CD43: 0 | CE43: 0 | CF43: 0 | CG43: 0 | CH43: 0 | CI43: 0 | CJ43: 0
B44: 0 | C44: 010020103030019-003 | D44: 0 | E44: 220*240cm | F44: 0 | G44: 0 | H44: 0 | I44: 0 | J44: 0 | K44: 0 | L44: 0 | M44: 0 | N44: 0 | O44: 0 | P44: 0 | Q44: 0 | R44: 0 | S44: 0 | T44: 0 | U44: 0 | V44: 0 | W44: 0 | X44: 0 | Y44: 0 | Z44: 0 | AA44: 0 | AB44: 0 | AC44: 0 | AD44: 0 | AE44: 0 | AF44: 0 | AG44: 0 | AH44: 0 | AI44: 0 | AJ44: 0 | AK44: 0 | AL44: 0 | AM44: 0 | AN44: 0 | AO44: 0 | AP44: 0 | AQ44: 0 | AR44: 0 | AS44: 0 | AT44: 0 | AU44: 0 | AV44: 0 | AW44: 0 | AX44: 0 | AY44: 0 | AZ44: 0 | BA44: 0 | BB44: 0 | BC44: 0 | BD44: 0 | BE44: 0 | BF44: 0 | BG44: 0 | BH44: 0 | BI44: 0 | BJ44: 0 | BK44: 0 | BL44: 0 | BM44: 0 | BN44: 0 | BO44: 0 | BP44: 0 | BQ44: 0 | BR44: 0 | BS44: 0 | BT44: 0 | BU44: 0 | BV44: 0 | BW44: 0 | BX44: 0 | BY44: 0 | BZ44: 0 | CA44: 0 | CB44: 0 | CC44: 0 | CD44: 0 | CE44: 0 | CF44: 0 | CG44: 0 | CH44: 0 | CI44: 0 | CJ44: 0
B45: 0 | C45: 010020103030019-004 | D45: 浅米 【搭配黎明灰 &朦胧黄】 | E45: 150*200cm | F45: 0 | G45: 0 | H45: 0 | I45: 0 | J45: 0 | K45: 0 | L45: 0 | M45: 0 | N45: 0 | O45: 0 | P45: 0 | Q45: 0 | R45: 0 | S45: 0 | T45: 0 | U45: 0 | V45: 0 | W45: 0 | X45: 0 | Y45: 0 | Z45: 0 | AA45: 0 | AB45: 0 | AC45: 0 | AD45: 0 | AE45: 0 | AF45: 0 | AG45: 0 | AH45: 0 | AI45: 0 | AJ45: 0 | AK45: 0 | AL45: 0 | AM45: 0 | AN45: 0 | AO45: 0 | AP45: 0 | AQ45: 0 | AR45: 0 | AS45: 0 | AT45: 0 | AU45: 0 | AV45: 0 | AW45: 0 | AX45: 0 | AY45: 0 | AZ45: 0 | BA45: 0 | BB45: 0 | BC45: 0 | BD45: 0 | BE45: 0 | BF45: 0 | BG45: 0 | BH45: 0 | BI45: 0 | BJ45: 0 | BK45: 0 | BL45: 0 | BM45: 0 | BN45: 0 | BO45: 0 | BP45: 0 | BQ45: 0 | BR45: 0 | BS45: 0 | BT45: 0 | BU45: 0 | BV45: 0 | BW45: 0 | BX45: 0 | BY45: 0 | BZ45: 0 | CA45: 0 | CB45: 0 | CC45: 0 | CD45: 0 | CE45: 0 | CF45: 0 | CG45: 0 | CH45: 0 | CI45: 0 | CJ45: 0
B46: 0 | C46: 010020103030019-005 | D46: 0 | E46: 200*230cm | F46: 0 | G46: 0 | H46: 0 | I46: 0 | J46: 0 | K46: 0 | L46: 0 | M46: 0 | N46: 0 | O46: 0 | P46: 0 | Q46: 0 | R46: 0 | S46: 0 | T46: 0 | U46: 0 | V46: 0 | W46: 0 | X46: 0 | Y46: 0 | Z46: 0 | AA46: 0 | AB46: 0 | AC46: 0 | AD46: 0 | AE46: 0 | AF46: 0 | AG46: 0 | AH46: 0 | AI46: 0 | AJ46: 0 | AK46: 0 | AL46: 0 | AM46: 0 | AN46: 0 | AO46: 0 | AP46: 0 | AQ46: 0 | AR46: 0 | AS46: 0 | AT46: 0 | AU46: 0 | AV46: 0 | AW46: 0 | AX46: 0 | AY46: 0 | AZ46: 0 | BA46: 0 | BB46: 0 | BC46: 0 | BD46: 0 | BE46: 0 | BF46: 0 | BG46: 0 | BH46: 0 | BI46: 0 | BJ46: 0 | BK46: 0 | BL46: 0 | BM46: 0 | BN46: 0 | BO46: 0 | BP46: 0 | BQ46: 0 | BR46: 0 | BS46: 0 | BT46: 0 | BU46: 0 | BV46: 0 | BW46: 0 | BX46: 0 | BY46: 0 | BZ46: 0 | CA46: 0 | CB46: 0 | CC46: 0 | CD46: 0 | CE46: 0 | CF46: 0 | CG46: 0 | CH46: 0 | CI46: 0 | CJ46: 0
B47: 0 | C47: 010020103030019-006 | D47: 0 | E47: 220*240cm | F47: 0 | G47: 0 | H47: 0 | I47: 0 | J47: 0 | K47: 0 | L47: 0 | M47: 0 | N47: 0 | O47: 0 | P47: 0 | Q47: 0 | R47: 0 | S47: 0 | T47: 0 | U47: 0 | V47: 0 | W47: 0 | X47: 0 | Y47: 0 | Z47: 0 | AA47: 0 | AB47: 0 | AC47: 0 | AD47: 0 | AE47: 0 | AF47: 0 | AG47: 0 | AH47: 0 | AI47: 0 | AJ47: 0 | AK47: 0 | AL47: 0 | AM47: 0 | AN47: 0 | AO47: 0 | AP47: 0 | AQ47: 0 | AR47: 0 | AS47: 0 | AT47: 0 | AU47: 0 | AV47: 0 | AW47: 0 | AX47: 0 | AY47: 0 | AZ47: 0 | BA47: 0 | BB47: 0 | BC47: 0 | BD47: 0 | BE47: 0 | BF47: 0 | BG47: 0 | BH47: 0 | BI47: 0 | BJ47: 0 | BK47: 0 | BL47: 0 | BM47: 0 | BN47: 0 | BO47: 0 | BP47: 0 | BQ47: 0 | BR47: 0 | BS47: 0 | BT47: 0 | BU47: 0 | BV47: 0 | BW47: 0 | BX47: 0 | BY47: 0 | BZ47: 0 | CA47: 0 | CB47: 0 | CC47: 0 | CD47: 0 | CE47: 0 | CF47: 0 | CG47: 0 | CH47: 0 | CI47: 0 | CJ47: 0
B48: 0 | C48: 0 | D48: 合计 | E48: 0 | F48: 0 | G48: 0 | H48: 0 | I48: 0 | J48: 0 | K48: 0 | L48: 0 | M48: 0 | N48: 0 | O48: 0 | P48: 0 | Q48: 0 | R48: 0 | S48: 0 | T48: 0 | U48: 0 | V48: 0 | W48: 0 | X48: 0 | Y48: 0 | Z48: 0 | AA48: 0 | AB48: 0 | AC48: 0 | AD48: 0 | AE48: 0 | AF48: 0 | AG48: 0 | AH48: 0 | AI48: 0 | AJ48: 0 | AK48: 0 | AL48: 0 | AM48: 0 | AN48: 0 | AO48: 0 | AP48: 0 | AQ48: 0 | AR48: 0 | AS48: 0 | AT48: 0 | AU48: 0 | AV48: 0 | AW48: 0 | AX48: 0 | AY48: 0 | AZ48: 0 | BA48: 0 | BB48: 0 | BC48: 0 | BD48: 0 | BE48: 0 | BF48: 0 | BG48: 0 | BH48: 0 | BI48: 0 | BJ48: 0 | BK48: 0 | BL48: 0 | BM48: 0 | BN48: 0 | BO48: 0 | BP48: 0 | BQ48: 0 | BR48: 0 | BS48: 0 | BT48: 0 | BU48: 0 | BV48: 0 | BW48: 0 | BX48: 0 | BY48: 0 | BZ48: 0 | CA48: 0 | CB48: 0 | CC48: 0 | CD48: 0 | CE48: 0 | CF48: 0 | CG48: 0 | CH48: 0 | CI48: 0 | CJ48: 0

Sheet 留底
B1: 第一版 | C1: 拉链产能不足
B2: 名称 | C2: SKU | D2: 颜色 | E2: 尺寸 | F2: 订单总数 | G2: 已入库 | H2: 未入库 | I2: 45547 | J2: 45555 | K2: 45565 | L2: 45570 | M2: 45580 | N2: 45590 | O2: 45595
B3: 亚朵星球 深睡控温被PRO 排湿层 | C3: 010020103030019-001 | D3: 淡蓝 【搭配深空蓝】 | E3: 150*200cm | F3: 4950 | I3: 900 | J3: 1250 | K3: 775 | L3: 900 | M3: 450 | N3: 450 | O3: 225
C4: 010020103030019-002 | E4: 200*230cm | F4: 13700 | I4: 2950 | J4: 3300 | K4: 2000 | L4: 2400 | M4: 1200 | N4: 1250 | O4: 600
C5: 010020103030019-003 | E5: 220*240cm | F5: 6150 | I5: 1525 | J5: 1400 | K5: 800 | L5: 1000 | M5: 550 | N5: 550 | O5: 325
C6: 010020103030019-004 | D6: 浅米 【搭配黎明灰 &朦胧黄】 | E6: 150*200cm | F6: 6000 | I6: 1150 | J6: 1300 | K6: 1000 | L6: 1200 | M6: 550 | N6: 550 | O6: 250
C7: 010020103030019-005 | E7: 200*230cm | F7: 16650 | I7: 3700 | J7: 3700 | K7: 2375 | L7: 3050 | M7: 1550 | N7: 1525 | O7: 750
C8: 010020103030019-006 | E8: 220*240cm | F8: 7550 | I8: 1300 | J8: 1850 | K8: 1225 | L8: 1450 | M8: 700 | N8: 675 | O8: 350
C9: 计划到货 | F9: 55000 | I9: 11525 | J9: 12800 | K9: 8175 | L9: 10000 | M9: 5000 | N9: 5000 | O9: 2500
B13: 第三版 | C13: 拉链产能不足，调整出货SKU配比
B14: SKU | C14: 颜色 | D14: 尺寸 | G14: 订单总数 | H14: 已入库 | I14: 未入库 | J14: 45503 | K14: 45504 | L14: 45505 | M14: 45506 | N14: 45507 | O14: 45508 | P14: 45509 | Q14: 45510 | R14: 45511 | S14: 45512 | T14: 45513 | U14: 45514 | V14: 45515 | W14: 45516 | X14: 45517 | Y14: 45518 | Z14: 45519 | AA14: 45520 | AB14: 45521 | AC14: 45522 | AD14: 45523 | AE14: 45524 | AF14: 45525 | AG14: 45526 | AH14: 45527 | AI14: 45528 | AJ14: 45529 | AK14: 45530 | AL14: 45531 | AM14: 45532 | AN14: 45533 | AO14: 45534 | AP14: 45535 | AQ14: 8月出入库总数 | AR14: 45536 | AS14: 45537 | AT14: 45538 | AU14: 45539 | AV14: 45540 | AW14: 45541 | AX14: 45542 | AY14: 45543 | AZ14: 45544 | BA14: 45545 | BB14: 45546 | BC14: 45547 | BD14: 45548 | BE14: 45549 | BF14: 45550 | BG14: 45551 | BH14: 45552 | BI14: 45553 | BJ14: 45554 | BK14: 45555 | BL14: 45556 | BM14: 45557 | BN14: 45558 | BO14: 45559 | BP14: 45560 | BQ14: 45561 | BR14: 45562 | BS14: 45563 | BT14: 45564 | BU14: 45565 | BV14: 9月出入库总数 | BW14: 45566 | BX14: 45567 | BY14: 45568 | BZ14: 45569 | CA14: 45570 | CB14: 45571 | CC14: 45572 | CD14: 45573 | CE14: 45574 | CF14: 45575 | CG14: 45576 | CH14: 45577 | CI14: 45578 | CJ14: 45579 | CK14: 45580 | CL14: 45581 | CM14: 45582 | CN14: 45583 | CO14: 45584 | CP14: 45585 | CQ14: 45586 | CR14: 45587 | CS14: 45588 | CT14: 45589 | CU14: 45590 | CV14: 45591 | CW14: 45592 | CX14: 45593 | CY14: 45594 | CZ14: 45595 | DA14: 10月出入库总数
A15: 整被到货计划 | B15: 12800025601141516 | C15: 深空蓝 | D15: 150*200cm | G15: 13000 | H15: 0 | I15: 13000 | J15: 150 | K15: 0 | L15: 0 | M15: 0 | N15: 0 | O15: 0 | P15: 300 | Q15: 0 | R15: 0 | S15: 0 | T15: 0 | U15: 258 | V15: 0 | W15: 0 | X15: 0 | Y15: 0 | Z15: 0 | AA15: 700 | AB15: 0 | AC15: 0 | AD15: 0 | AE15: 600 | AF15: 0 | AG15: 0 | AH15: 0 | AI15: 0 | AJ15: 698 | AK15: 0 | AL15: 0 | AM15: 0 | AN15: 0 | AO15: 900 | AP15: 0 | AQ15: 3456 | AR15: 0 | AS15: 0 | AT15: 650 | AU15: 0 | AV15: 0 | AW15: 944 | AX15: 0 | AY15: 0 | AZ15: 200 | BA15: 0 | BB15: 0 | BC15: 200 | BD15: 0 | BE15: 0 | BF15: 902 | BG15: 0 | BH15: 0 | BI15: 0 | BJ15: 0 | BK15: 696 | BL15: 0 | BM15: 200 | BN15: 0 | BO15: 0 | BP15: 0 | BQ15: 0 | BR15: 696 | BS15: 0 | BT15: 0 | BU15: 1400 | BV15: 5888 | BW15: 0 | BX15: 0 | BY15: 0 | BZ15: 0 | CA15: 0 | CB15: 662 | CC15: 0 | CD15: 0 | CE15: 0 | CF15: 336 | CG15: 0 | CH15: 0 | CI15: 0 | CJ15: 0 | CK15: 412 | CL15: 0 | CM15: 0 | CN15: 200 | CO15: 0 | CP15: 724 | CQ15: 0 | CR15: 0 | CS15: 0 | CT15: 0 | CU15: 0 | CV15: 0 | CW15: 0 | CX15: 0 | CY15: 0 | CZ15: 1172 | DA15: 3506
B16: 12800025601141514 | D16: 200*230cm | G16: 35600 | H16: 0 | I16: 35600 | J16: 350 | K16: 0 | L16: 0 | M16: 0 | N16: 0 | O16: 0 | P16: 1000 | Q16: 0 | R16: 0 | S16: 0 | T16: 0 | U16: 712 | V16: 0 | W16: 0 | X16: 0 | Y16: 0 | Z16: 0 | AA16: 1600 | AB16: 0 | AC16: 0 | AD16: 0 | AE16: 1700 | AF16: 0 | AG16: 0 | AH16: 0 | AI16: 0 | AJ16: 2048 | AK16: 0 | AL16: 0 | AM16: 0 | AN16: 0 | AO16: 2200 | AP16: 0 | AQ16: 9260 | AR16: 0 | AS16: 0 | AT16: 1800 | AU16: 0 | AV16: 0 | AW16: 2940 | AX16: 0 | AY16: 0 | AZ16: 500 | BA16: 0 | BB16: 0 | BC16: 600 | BD16: 0 | BE16: 0 | BF16: 2584 | BG16: 0 | BH16: 0 | BI16: 0 | BJ16: 0 | BK16: 2140 | BL16: 0 | BM16: 600 | BN16: 0 | BO16: 0 | BP16: 0 | BQ16: 0 | BR16: 2140 | BS16: 0 | BT16: 0 | BU16: 4000 | BV16: 17304 | BW16: 0 | BX16: 0 | BY16: 0 | BZ16: 0 | CA16: 0 | CB16: 1896 | CC16: 0 | CD16: 0 | CE16: 0 | CF16: 470 | CG16: 0 | CH16: 0 | CI16: 0 | CJ16: 0 | CK16: 1152 | CL16: 0 | CM16: 0 | CN16: 600 | CO16: 0 | CP16: 2016 | CQ16: 0 | CR16: 0 | CS16: 0 | CT16: 0 | CU16: 0 | CV16: 0 | CW16: 0 | CX16: 0 | CY16: 0 | CZ16: 2552 | DA16: 8686
B17: 12800025601141513 | D17: 220*240cm | G17: 16250 | H17: 0 | I17: 16250 | J17: 150 | K17: 0 | L17: 0 | M17: 0 | N17: 0 | O17: 0 | P17: 400 | Q17: 0 | R17: 0 | S17: 0 | T17: 0 | U17: 324 | V17: 0 | W17: 0 | X17: 0 | Y17: 0 | Z17: 0 | AA17: 800 | AB17: 0 | AC17: 0 | AD17: 0 | AE17: 800 | AF17: 0 | AG17: 0 | AH17: 0 | AI17: 0 | AJ17: 900 | AK17: 0 | AL17: 0 | AM17: 0 | AN17: 0 | AO17: 1100 | AP17: 0 | AQ17: 4324 | AR17: 0 | AS17: 0 | AT17: 800 | AU17: 0 | AV17: 0 | AW17: 1276 | AX17: 0 | AY17: 0 | AZ17: 200 | BA17: 0 | BB17: 0 | BC17: 250 | BD17: 0 | BE17: 0 | BF17: 1030 | BG17: 0 | BH17: 0 | BI17: 0 | BJ17: 0 | BK17: 1000 | BL17: 0 | BM17: 250 | BN17: 0 | BO17: 0 | BP17: 0 | BQ17: 0 | BR17: 1000 | BS17: 0 | BT17: 0 | BU17: 1900 | BV17: 7706 | BW17: 0 | BX17: 0 | BY17: 0 | BZ17: 0 | CA17: 0 | CB17: 830 | CC17: 0 | CD17: 0 | CE17: 0 | CF17: 270 | CG17: 0 | CH17: 0 | CI17: 0 | CJ17: 0 | CK17: 520 | CL17: 0 | CM17: 0 | CN17: 250 | CO17: 0 | CP17: 908 | CQ17: 0 | CR17: 0 | CS17: 0 | CT17: 0 | CU17: 0 | CV17: 0 | CW17: 0 | CX17: 0 | CY17: 0 | CZ17: 1292 | DA17: 4070
B18: 12800025601141416 | C18: 黎明灰 | D18: 150*200cm | G18: 10100 | H18: 0 | I18: 10100 | J18: 190 | K18: 0 | L18: 0 | M18: 0 | N18: 0 | O18: 0 | P18: 300 | Q18: 0 | R18: 0 | S18: 0 | T18: 0 | U18: 400 | V18: 0 | W18: 0 | X18: 0 | Y18: 0 | Z18: 0 | AA18: 400 | AB18: 0 | AC18: 0 | AD18: 0 | AE18: 200 | AF18: 0 | AG18: 0 | AH18: 0 | AI18: 0 | AJ18: 700 | AK18: 0 | AL18: 0 | AM18: 0 | AN18: 0 | AO18: 600 | AP18: 0 | AQ18: 2600 | AR18: 0 | AS18: 0 | AT18: 500 | AU18: 0 | AV18: 0 | AW18: 1010 | AX18: 0 | AY18: 0 | AZ18: 200 | BA18: 0 | BB18: 0 | BC18: 500 | BD18: 0 | BE18: 0 | BF18: 674 | BG18: 0 | BH18: 0 | BI18: 0 | BJ18: 0 | BK18: 150 | BL18: 0 | BM18: 500 | BN18: 0 | BO18: 0 | BP18: 0 | BQ18: 0 | BR18: 150 | BS18: 0 | BT18: 0 | BU18: 1200 | BV18: 4884 | BW18: 0 | BX18: 0 | BY18: 0 | BZ18: 0 | CA18: 0 | CB18: 650 | CC18: 0 | CD18: 0 | CE18: 0 | CF18: 257 | CG18: 0 | CH18: 0 | CI18: 0 | CJ18: 0 | CK18: 132 | CL18: 0 | CM18: 0 | CN18: 500 | CO18: 0 | CP18: 186 | CQ18: 0 | CR18: 0 | CS18: 0 | CT18: 0 | CU18: 0 | CV18: 0 | CW18: 0 | CX18: 0 | CY18: 0 | CZ18: 701 | DA18: 2426
B19: 12800025601141414 | D19: 200*230cm | G19: 27550 | H19: 0 | I19: 27550 | J19: 350 | K19: 0 | L19: 0 | M19: 0 | N19: 0 | O19: 0 | P19: 700 | Q19: 0 | R19: 0 | S19: 0 | T19: 0 | U19: 1100 | V19: 0 | W19: 0 | X19: 0 | Y19: 0 | Z19: 0 | AA19: 1300 | AB19: 0 | AC19: 0 | AD19: 0 | AE19: 1200 | AF19: 0 | AG19: 0 | AH19: 0 | AI19: 0 | AJ19: 1300 | AK19: 0 | AL19: 0 | AM19: 0 | AN19: 0 | AO19: 1600 | AP19: 0 | AQ19: 7200 | AR19: 0 | AS19: 0 | AT19: 1400 | AU19: 0 | AV19: 0 | AW19: 2200 | AX19: 0 | AY19: 0 | AZ19: 400 | BA19: 0 | BB19: 0 | BC19: 1400 | BD19: 0 | BE19: 0 | BF19: 1916 | BG19: 0 | BH19: 0 | BI19: 0 | BJ19: 0 | BK19: 432 | BL19: 0 | BM19: 1400 | BN19: 0 | BO19: 0 | BP19: 0 | BQ19: 0 | BR19: 432 | BS19: 0 | BT19: 0 | BU19: 3200 | BV19: 12780 | BW19: 0 | BX19: 0 | BY19: 0 | BZ19: 0 | CA19: 0 | CB19: 1832 | CC19: 0 | CD19: 0 | CE19: 0 | CF19: 1880 | CG19: 0 | CH19: 0 | CI19: 0 | CJ19: 0 | CK19: 344 | CL19: 0 | CM19: 0 | CN19: 1400 | CO19: 0 | CP19: 604 | CQ19: 0 | CR19: 0 | CS19: 0 | CT19: 0 | CU19: 0 | CV19: 0 | CW19: 0 | CX19: 0 | CY19: 0 | CZ19: 1160 | DA19: 7220
B20: 12800025601141413 | D20: 220*240cm | G20: 12500 | H20: 0 | I20: 12500 | J20: 800 | K20: 0 | L20: 0 | M20: 0 | N20: 0 | O20: 0 | P20: 300 | Q20: 0 | R20: 0 | S20: 0 | T20: 0 | U20: 300 | V20: 0 | W20: 0 | X20: 0 | Y20: 0 | Z20: 0 | AA20: 400 | AB20: 0 | AC20: 0 | AD20: 0 | AE20: 500 | AF20: 0 | AG20: 0 | AH20: 0 | AI20: 0 | AJ20: 600 | AK20: 0 | AL20: 0 | AM20: 0 | AN20: 0 | AO20: 600 | AP20: 0 | AQ20: 2700 | AR20: 0 | AS20: 0 | AT20: 650 | AU20: 0 | AV20: 0 | AW20: 900 | AX20: 0 | AY20: 0 | AZ20: 200 | BA20: 0 | BB20: 0 | BC20: 600 | BD20: 0 | BE20: 0 | BF20: 824 | BG20: 0 | BH20: 0 | BI20: 0 | BJ20: 0 | BK20: 188 | BL20: 0 | BM20: 600 | BN20: 0 | BO20: 0 | BP20: 0 | BQ20: 0 | BR20: 188 | BS20: 0 | BT20: 0 | BU20: 1500 | BV20: 5650 | BW20: 0 | BX20: 0 | BY20: 0 | BZ20: 0 | CA20: 0 | CB20: 788 | CC20: 0 | CD20: 0 | CE20: 0 | CF20: 967 | CG20: 0 | CH20: 0 | CI20: 0 | CJ20: 0 | CK20: 160 | CL20: 0 | CM20: 0 | CN20: 600 | CO20: 0 | CP20: 264 | CQ20: 0 | CR20: 0 | CS20: 0 | CT20: 0 | CU20: 0 | CV20: 0 | CW20: 0 | CX20: 0 | CY20: 0 | CZ20: 571 | DA20: 3350
B21: 12800025601141316 | C21: 朦胧黄 | D21: 150*200cm | G21: 5800 | H21: 0 | I21: 5800 | J21: 100 | K21: 0 | L21: 0 | M21: 0 | N21: 0 | O21: 0 | P21: 300 | Q21: 0 | R21: 0 | S21: 0 | T21: 0 | U21: 100 | V21: 0 | W21: 0 | X21: 0 | Y21: 0 | Z21: 0 | AA21: 300 | AB21: 0 | AC21: 0 | AD21: 0 | AE21: 100 | AF21: 0 | AG21: 0 | AH21: 0 | AI21: 0 | AJ21: 400 | AK21: 0 | AL21: 0 | AM21: 0 | AN21: 0 | AO21: 300 | AP21: 0 | AQ21: 1500 | AR21: 0 | AS21: 0 | AT21: 400 | AU21: 0 | AV21: 0 | AW21: 300 | AX21: 0 | AY21: 0 | AZ21: 100 | BA21: 0 | BB21: 0 | BC21: 300 | BD21: 0 | BE21: 0 | BF21: 474 | BG21: 0 | BH21: 0 | BI21: 0 | BJ21: 0 | BK21: 150 | BL21: 0 | BM21: 300 | BN21: 0 | BO21: 0 | BP21: 0 | BQ21: 0 | BR21: 150 | BS21: 0 | BT21: 0 | BU21: 700 | BV21: 2874 | BW21: 0 | BX21: 0 | BY21: 0 | BZ21: 0 | CA21: 0 | CB21: 450 | CC21: 0 | CD21: 0 | CE21: 0 | CF21: 273 | CG21: 0 | CH21: 0 | CI21: 0 | CJ21: 0 | CK21: 150 | CL21: 0 | CM21: 0 | CN21: 300 | CO21: 0 | CP21: 153 | CQ21: 0 | CR21: 0 | CS21: 0 | CT21: 0 | CU21: 0 | CV21: 0 | CW21: 0 | CX21: 0 | CY21: 0 | CZ21: 0 | DA21: 1326
B22: 12800025601141314 | D22: 200*230cm | G22: 15800 | H22: 0 | I22: 15800 | J22: 100 | K22: 0 | L22: 0 | M22: 0 | N22: 0 | O22: 0 | P22: 650 | Q22: 0 | R22: 0 | S22: 0 | T22: 0 | U22: 600 | V22: 0 | W22: 0 | X22: 0 | Y22: 0 | Z22: 0 | AA22: 600 | AB22: 0 | AC22: 0 | AD22: 0 | AE22: 800 | AF22: 0 | AG22: 0 | AH22: 0 | AI22: 0 | AJ22: 800 | AK22: 0 | AL22: 0 | AM22: 0 | AN22: 0 | AO22: 800 | AP22: 0 | AQ22: 4250 | AR22: 0 | AS22: 0 | AT22: 800 | AU22: 0 | AV22: 0 | AW22: 1200 | AX22: 0 | AY22: 0 | AZ22: 250 | BA22: 0 | BB22: 0 | BC22: 700 | BD22: 0 | BE22: 0 | BF22: 1216 | BG22: 0 | BH22: 0 | BI22: 0 | BJ22: 0 | BK22: 432 | BL22: 0 | BM22: 700 | BN22: 0 | BO22: 0 | BP22: 0 | BQ22: 0 | BR22: 432 | BS22: 0 | BT22: 0 | BU22: 1800 | BV22: 7530 | BW22: 0 | BX22: 0 | BY22: 0 | BZ22: 0 | CA22: 0 | CB22: 1132 | CC22: 0 | CD22: 0 | CE22: 0 | CF22: 908 | CG22: 0 | CH22: 0 | CI22: 0 | CJ22: 0 | CK22: 432 | CL22: 0 | CM22: 0 | CN22: 700 | CO22: 0 | CP22: 748 | CQ22: 0 | CR22: 0 | CS22: 0 | CT22: 0 | CU22: 0 | CV22: 0 | CW22: 0 | CX22: 0 | CY22: 0 | CZ22: 0 | DA22: 3920
B23: 12800025601141313 | D23: 220*240cm | G23: 7200 | H23: 0 | I23: 7200 | J23: 300 | K23: 0 | L23: 0 | M23: 0 | N23: 0 | O23: 0 | P23: 400 | Q23: 0 | R23: 0 | S23: 0 | T23: 0 | U23: 100 | V23: 0 | W23: 0 | X23: 0 | Y23: 0 | Z23: 0 | AA23: 300 | AB23: 0 | AC23: 0 | AD23: 0 | AE23: 400 | AF23: 0 | AG23: 0 | AH23: 0 | AI23: 0 | AJ23: 200 | AK23: 0 | AL23: 0 | AM23: 0 | AN23: 0 | AO23: 300 | AP23: 0 | AQ23: 1700 | AR23: 0 | AS23: 0 | AT23: 400 | AU23: 0 | AV23: 0 | AW23: 500 | AX23: 0 | AY23: 0 | AZ23: 100 | BA23: 0 | BB23: 0 | BC23: 400 | BD23: 0 | BE23: 0 | BF23: 624 | BG23: 0 | BH23: 0 | BI23: 0 | BJ23: 0 | BK23: 188 | BL23: 0 | BM23: 400 | BN23: 0 | BO23: 0 | BP23: 0 | BQ23: 0 | BR23: 188 | BS23: 0 | BT23: 0 | BU23: 800 | BV23: 3600 | BW23: 0 | BX23: 0 | BY23: 0 | BZ23: 0 | CA23: 0 | CB23: 588 | CC23: 0 | CD23: 0 | CE23: 0 | CF23: 308 | CG23: 0 | CH23: 0 | CI23: 0 | CJ23: 0 | CK23: 188 | CL23: 0 | CM23: 0 | CN23: 400 | CO23: 0 | CP23: 116 | CQ23: 0 | CR23: 0 | CS23: 0 | CT23: 0 | CU23: 0 | CV23: 0 | CW23: 0 | CX23: 0 | CY23: 0 | CZ23: 0 | DA23: 1600
B24: 计划到货量 | G24: 143800 | H24: 0 | I24: 143800 | J24: 2490 | K24: 0 | L24: 0 | M24: 0 | N24: 0 | O24: 0 | P24: 4350 | Q24: 0 | R24: 0 | S24: 0 | T24: 0 | U24: 3894 | V24: 0 | W24: 0 | X24: 0 | Y24: 0 | Z24: 0 | AA24: 6400 | AB24: 0 | AC24: 0 | AD24: 0 | AE24: 6300 | AF24: 0 | AG24: 0 | AH24: 0 | AI24: 0 | AJ24: 7646 | AK24: 0 | AL24: 0 | AM24: 0 | AN24: 0 | AO24: 8400 | AP24: 0 | AQ24: 36990 | AR24: 0 | AS24: 0 | AT24: 7400 | AU24: 0 | AV24: 0 | AW24: 11270 | AX24: 0 | AY24: 0 | AZ24: 2150 | BA24: 0 | BB24: 0 | BC24: 4950 | BD24: 0 | BE24: 0 | BF24: 10244 | BG24: 0 | BH24: 0 | BI24: 0 | BJ24: 0 | BK24: 5376 | BL24: 0 | BM24: 4950 | BN24: 0 | BO24: 0 | BP24: 0 | BQ24: 0 | BR24: 5376 | BS24: 0 | BT24: 0 | BU24: 16500 | BV24: 68216 | BW24: 0 | BX24: 0 | BY24: 0 | BZ24: 0 | CA24: 0 | CB24: 8828 | CC24: 0 | CD24: 0 | CE24: 0 | CF24: 5669 | CG24: 0 | CH24: 0 | CI24: 0 | CJ24: 0 | CK24: 3490 | CL24: 0 | CM24: 0 | CN24: 4950 | CO24: 0 | CP24: 5719 | CQ24: 0 | CR24: 0 | CS24: 0 | CT24: 0 | CU24: 0 | CV24: 0 | CW24: 0 | CX24: 0 | CY24: 0 | CZ24: 7448 | DA24: 36104
B26: 第四版8/16
B27: SKU | C27: 颜色 | D27: 尺寸 | E27: 下单比列 | F27: 到货比列 | G27: 订单总数 | H27: 已入库 | I27: 未入库 | J27: 45503 | K27: 45504 | L27: 45505 | M27: 45506 | N27: 45507 | O27: 45508 | P27: 45509 | Q27: 45510 | R27: 45511 | S27: 45512 | T27: 45513 | U27: 45514 | V27: 45515 | W27: 45516 | X27: 45517 | Y27: 45518 | Z27: 45519 | AA27: 45520 | AB27: 45521 | AC27: 45522 | AD27: 45523 | AE27: 45524 | AF27: 45525 | AG27: 45526 | AH27: 45527 | AI27: 45528 | AJ27: 45529 | AK27: 45530 | AL27: 45531 | AM27: 45532 | AN27: 45533 | AO27: 45534 | AP27: 45535 | AQ27: 8月出入库总数 | AR27: 45536 | AS27: 45537 | AT27: 45538 | AU27: 45539 | AV27: 45540 | AW27: 45541 | AX27: 45542 | AY27: 45543 | AZ27: 45544 | BA27: 45545 | BB27: 45546 | BC27: 45547 | BD27: 45548 | BE27: 45549 | BF27: 45550 | BG27: 45551 | BH27: 45552 | BI27: 45553 | BJ27: 45554 | BK27: 45555 | BL27: 45556 | BM27: 45557 | BN27: 45558 | BO27: 45559 | BP27: 45560 | BQ27: 45561 | BR27: 45562 | BS27: 45563 | BT27: 45564 | BU27: 45565 | BV27: 9月出入库总数 | BW27: 45566 | BX27: 45567 | BY27: 45568 | BZ27: 45569 | CA27: 45570 | CB27: 45571 | CC27: 45572 | CD27: 45573 | CE27: 45574 | CF27: 45575 | CG27: 45576 | CH27: 45577 | CI27: 45578 | CJ27: 45579 | CK27: 45580 | CL27: 45581 | CM27: 45582 | CN27: 45583 | CO27: 45584 | CP27: 45585 | CQ27: 45586 | CR27: 45587 | CS27: 45588 | CT27: 45589 | CU27: 45590 | CV27: 45591 | CW27: 45592 | CX27: 45593 | CY27: 45594 | CZ27: 45595 | DA27: 10月出入库总数
A28: 整被到货计划 | B28: 12800025601141516 | C28: 深空蓝 | D28: 150*200cm | E28: =G28/G37 | F28: =H28/H37 | G28: =G52+G76 | H28: =AQ38 | I28: =G28-H28 | J28: =J52+J76 | K28: =K52+K76 | L28: =L52+L76 | M28: =M52+M76 | N28: =N52+N76 | O28: =O52+O76 | P28: =P52+P76 | Q28: =Q52+Q76 | ... AP28: =AP52+AP76 | AQ28: =SUM(L28:AP28) | AR28: =AR52+AR76 | AS28: =AS52+AS76 | AT28: =AT52+AT76 | AU28: =AU52+AU76 | AV28: =AV52+AV76 | AW28: =AW52+AW76 | AX28: =AX52+AX76 | AY28: =AY52+AY76 | ... BU28: =BU52+BU76 | BV28: =SUM(AR28:BU28) | BW28: =BW52+BW76 | BX28: =BX52+BX76 | BY28: =BY52+BY76 | BZ28: =BZ52+BZ76 | CA28: =CA52+CA76 | CB28: =CB52+CB76 | CC28: =CC52+CC76 | CD28: =CD52+CD76 | ... CZ28: =CZ52+CZ76 | DA28: =SUM(BW28:CZ28)
B29: 12800025601141514 | D29: 200*230cm | E29: =G29/G37 | F29: =H29/H37 | G29: =G53+G77 | H29: =AQ39 | I29: =G29-H29 | J29: =J53+J77 | K29: =K53+K77 | L29: =L53+L77 | M29: =M53+M77 | N29: =N53+N77 | O29: =O53+O77 | P29: =P53+P77 | Q29: =Q53+Q77 | ... AP29: =AP53+AP77 | AQ29: =SUM(L29:AP29) | AR29: =AR53+AR77 | AS29: =AS53+AS77 | AT29: =AT53+AT77 | AU29: =AU53+AU77 | AV29: =AV53+AV77 | AW29: =AW53+AW77 | AX29: =AX53+AX77 | AY29: =AY53+AY77 | ... BU29: =BU53+BU77 | BV29: =SUM(AR29:BU29) | BW29: =BW53+BW77 | BX29: =BX53+BX77 | BY29: =BY53+BY77 | BZ29: =BZ53+BZ77 | CA29: =CA53+CA77 | CB29: =CB53+CB77 | CC29: =CC53+CC77 | CD29: =CD53+CD77 | ... CZ29: =CZ53+CZ77 | DA29: =SUM(BW29:CZ29)
B30: 12800025601141513 | D30: 220*240cm | E30: =G30/G37 | F30: =H30/H37 | G30: =G54+G78 | H30: =AQ40 | I30: =G30-H30 | J30: =J54+J78 | K30: =K54+K78 | L30: =L54+L78 | M30: =M54+M78 | N30: =N54+N78 | O30: =O54+O78 | P30: =P54+P78 | Q30: =Q54+Q78 | ... AP30: =AP54+AP78 | AQ30: =SUM(L30:AP30) | AR30: =AR54+AR78 | AS30: =AS54+AS78 | AT30: =AT54+AT78 | AU30: =AU54+AU78 | AV30: =AV54+AV78 | AW30: =AW54+AW78 | AX30: =AX54+AX78 | AY30: =AY54+AY78 | ... BU30: =BU54+BU78 | BV30: =SUM(AR30:BU30) | BW30: =BW54+BW78 | BX30: =BX54+BX78 | BY30: =BY54+BY78 | BZ30: =BZ54+BZ78 | CA30: =CA54+CA78 | CB30: =CB54+CB78 | CC30: =CC54+CC78 | CD30: =CD54+CD78 | ... CZ30: =CZ54+CZ78 | DA30: =SUM(BW30:CZ30)
B31: 12800025601141416 | C31: 黎明灰 | D31: 150*200cm | E31: =G31/G37 | F31: =H31/H37 | G31: =G55+G79 | H31: =AQ41 | I31: =G31-H31 | J31: =J55+J79 | K31: =K55+K79 | L31: =L55+L79 | M31: =M55+M79 | N31: =N55+N79 | O31: =O55+O79 | P31: =P55+P79 | Q31: =Q55+Q79 | ... AP31: =AP55+AP79 | AQ31: =SUM(L31:AP31) | AR31: =AR55+AR79 | AS31: =AS55+AS79 | AT31: =AT55+AT79 | AU31: =AU55+AU79 | AV31: =AV55+AV79 | AW31: =AW55+AW79 | AX31: =AX55+AX79 | AY31: =AY55+AY79 | ... BU31: =BU55+BU79 | BV31: =SUM(AR31:BU31) | BW31: =BW55+BW79 | BX31: =BX55+BX79 | BY31: =BY55+BY79 | BZ31: =BZ55+BZ79 | CA31: =CA55+CA79 | CB31: =CB55+CB79 | CC31: =CC55+CC79 | CD31: =CD55+CD79 | ... CZ31: =CZ55+CZ79 | DA31: =SUM(BW31:CZ31)
B32: 12800025601141414 | D32: 200*230cm | E32: =G32/G37 | F32: =H32/H37 | G32: =G56+G80 | H32: =AQ42 | I32: =G32-H32 | J32: =J56+J80 | K32: =K56+K80 | L32: =L56+L80 | M32: =M56+M80 | N32: =N56+N80 | O32: =O56+O80 | P32: =P56+P80 | Q32: =Q56+Q80 | ... AP32: =AP56+AP80 | AQ32: =SUM(L32:AP32) | AR32: =AR56+AR80 | AS32: =AS56+AS80 | AT32: =AT56+AT80 | AU32: =AU56+AU80 | AV32: =AV56+AV80 | AW32: =AW56+AW80 | AX32: =AX56+AX80 | AY32: =AY56+AY80 | ... BU32: =BU56+BU80 | BV32: =SUM(AR32:BU32) | BW32: =BW56+BW80 | BX32: =BX56+BX80 | BY32: =BY56+BY80 | BZ32: =BZ56+BZ80 | CA32: =CA56+CA80 | CB32: =CB56+CB80 | CC32: =CC56+CC80 | CD32: =CD56+CD80 | ... CZ32: =CZ56+CZ80 | DA32: =SUM(BW32:CZ32)
B33: 12800025601141413 | D33: 220*240cm | E33: =G33/G37 | F33: =H33/H37 | G33: =G57+G81 | H33: =AQ43 | I33: =G33-H33 | J33: =J57+J81 | K33: =K57+K81 | L33: =L57+L81 | M33: =M57+M81 | N33: =N57+N81 | O33: =O57+O81 | P33: =P57+P81 | Q33: =Q57+Q81 | ... AP33: =AP57+AP81 | AQ33: =SUM(L33:AP33) | AR33: =AR57+AR81 | AS33: =AS57+AS81 | AT33: =AT57+AT81 | AU33: =AU57+AU81 | AV33: =AV57+AV81 | AW33: =AW57+AW81 | AX33: =AX57+AX81 | AY33: =AY57+AY81 | ... BU33: =BU57+BU81 | BV33: =SUM(AR33:BU33) | BW33: =BW57+BW81 | BX33: =BX57+BX81 | BY33: =BY57+BY81 | BZ33: =BZ57+BZ81 | CA33: =CA57+CA81 | CB33: =CB57+CB81 | CC33: =CC57+CC81 | CD33: =CD57+CD81 | ... CZ33: =CZ57+CZ81 | DA33: =SUM(BW33:CZ33)
B34: 12800025601141316 | C34: 朦胧黄 | D34: 150*200cm | E34: =G34/G37 | F34: =H34/H37 | G34: =G58+G82 | H34: =AQ44 | I34: =G34-H34 | J34: =J58+J82 | K34: =K58+K82 | L34: =L58+L82 | M34: =M58+M82 | N34: =N58+N82 | O34: =O58+O82 | P34: =P58+P82 | Q34: =Q58+Q82 | ... AP34: =AP58+AP82 | AQ34: =SUM(L34:AP34) | AR34: =AR58+AR82 | AS34: =AS58+AS82 | AT34: =AT58+AT82 | AU34: =AU58+AU82 | AV34: =AV58+AV82 | AW34: =AW58+AW82 | AX34: =AX58+AX82 | AY34: =AY58+AY82 | ... BU34: =BU58+BU82 | BV34: =SUM(AR34:BU34) | BW34: =BW58+BW82 | BX34: =BX58+BX82 | BY34: =BY58+BY82 | BZ34: =BZ58+BZ82 | CA34: =CA58+CA82 | CB34: =CB58+CB82 | CC34: =CC58+CC82 | CD34: =CD58+CD82 | ... CZ34: =CZ58+CZ82 | DA34: =SUM(BW34:CZ34)
B35: 12800025601141314 | D35: 200*230cm | E35: =G35/G37 | F35: =H35/H37 | G35: =G59+G83 | H35: =AQ45 | I35: =G35-H35 | J35: =J59+J83 | K35: =K59+K83 | L35: =L59+L83 | M35: =M59+M83 | N35: =N59+N83 | O35: =O59+O83 | P35: =P59+P83 | Q35: =Q59+Q83 | ... AP35: =AP59+AP83 | AQ35: =SUM(L35:AP35) | AR35: =AR59+AR83 | AS35: =AS59+AS83 | AT35: =AT59+AT83 | AU35: =AU59+AU83 | AV35: =AV59+AV83 | AW35: =AW59+AW83 | AX35: =AX59+AX83 | AY35: =AY59+AY83 | ... BU35: =BU59+BU83 | BV35: =SUM(AR35:BU35) | BW35: =BW59+BW83 | BX35: =BX59+BX83 | BY35: =BY59+BY83 | BZ35: =BZ59+BZ83 | CA35: =CA59+CA83 | CB35: =CB59+CB83 | CC35: =CC59+CC83 | CD35: =CD59+CD83 | ... CZ35: =CZ59+CZ83 | DA35: =SUM(BW35:CZ35)
B36: 12800025601141313 | D36: 220*240cm | E36: =G36/G37 | F36: =H36/H37 | G36: =G60+G84 | H36: =AQ46 | I36: =G36-H36 | J36: =J60+J84 | K36: =K60+K84 | L36: =L60+L84 | M36: =M60+M84 | N36: =N60+N84 | O36: =O60+O84 | P36: =P60+P84 | Q36: =Q60+Q84 | ... AP36: =AP60+AP84 | AQ36: =SUM(L36:AP36) | AR36: =AR60+AR84 | AS36: =AS60+AS84 | AT36: =AT60+AT84 | AU36: =AU60+AU84 | AV36: =AV60+AV84 | AW36: =AW60+AW84 | AX36: =AX60+AX84 | AY36: =AY60+AY84 | ... BU36: =BU60+BU84 | BV36: =SUM(AR36:BU36) | BW36: =BW60+BW84 | BX36: =BX60+BX84 | BY36: =BY60+BY84 | BZ36: =BZ60+BZ84 | CA36: =CA60+CA84 | CB36: =CB60+CB84 | CC36: =CC60+CC84 | CD36: =CD60+CD84 | ... CZ36: =CZ60+CZ84 | DA36: =SUM(BW36:CZ36)
B37: 计划到货量 | G37: =SUM(G28:G36) | H37: =SUM(H28:H36) | I37: =SUM(I28:I36) | J37: =SUM(J28:J36) | K37: =SUM(K28:K36) | L37: =SUM(L28:L36) | M37: =SUM(M28:M36) | N37: =SUM(N28:N36) | ... DA37: =SUM(DA28:DA36)

Sheet 控温被-est
A1: 望玉更新sku量
C2: 45524 | D2: 45529 | E2: 45534 | F2: 45539 | G2: 45544 | H2: 45549 | I2: 45554 | J2: 45559 | K2: 45564
A3: 12800025601141516 | B3: 深空蓝-150*200cm | C3: 600 | D3: 2000 | E3: 1450 | F3: 1500 | G3: 1500 | H3: 2200 | I3: 2200 | J3: 2500 | K3: 2500
A4: 12800025601141514 | B4: 深空蓝-200*230cm | C4: 2000 | D4: 1500 | E4: 2700 | F4: 2500 | G4: 2500 | H4: 3700 | I4: 3500 | J4: 3600 | K4: 4000
A5: 12800025601141513 | B5: 深空蓝-220*240cm | C5: 800 | D5: 900 | E5: 1000 | F5: 1000 | G5: 1000 | H5: 2000 | I5: 1800 | J5: 2000 | K5: 2000
A6: 12800025601141416 | B6: 黎明灰-150*200cm | C6: 200 | D6: 200 | E6: 0 | F6: 0 | G6: 0 | H6: 250 | I6: 500 | J6: 0 | K6: 1500
A7: 12800025601141414 | B7: 黎明灰-200*230cm | C7: 1200 | D7: 800 | E7: 300 | F7: 250 | G7: 250 | H7: 600 | I7: 750 | J7: 650 | K7: 4000
A8: 12800025601141413 | B8: 黎明灰-220*240cm | C8: 400 | E8: 0 | F8: 0 | G8: 0 | H8: 0 | I8: 0 | J8: 0
A9: 12800025601141316 | B9: 朦胧黄-150*200cm | C9: 100 | D9: 500 | E9: 0 | F9: 0 | G9: 0 | H9: 0 | I9: 0 | J9: 0
A10: 12800025601141314 | B10: 朦胧黄-200*230cm | C10: 600 | D10: 400 | E10: 0 | F10: 0 | G10: 0 | H10: 0 | I10: 0 | J10: 0
A11: 12800025601141313 | B11: 朦胧黄-220*240cm | C11: 400 | E11: 0 | F11: 0 | G11: 0 | H11: 0 | I11: 0 | J11: 0
B12: 需求 | C12: =SUM(C3:C11) | D12: =SUM(D3:D11) | E12: =SUM(E3:E11) | F12: =SUM(F3:F11) | G12: =SUM(G3:G11) | H12: =SUM(H3:H11) | I12: =SUM(I3:I11) | J12: =SUM(J3:J11) | K12: =SUM(K3:K11)
B13: 排产 | C13: 6300 | D13: 6500 | E13: 5250 | F13: 5250 | G13: 8750 | H13: 8750 | I13: 8750 | J13: 8750 | K13: 14000
B14: 差异 | C14: =C12-C13 | D14: =D12-D13 | E14: =E12-E13 | F14: =F12-F13 | G14: =G12-G13 | H14: =H12-H13 | I14: =I12-I13 | J14: =J12-J13
B15: 实际
B16: 深空蓝-150*200cm | C16: 582 | D16: =690+200
B17: 深空蓝-200*230cm | C17: 2000 | D17: 2010
B18: 深空蓝-220*240cm | C18: 508 | D18: 940
B19: 黎明灰-150*200cm | C19: 204 | D19: 400
B20: 黎明灰-200*230cm | C20: 1200 | D20: 700
B21: 黎明灰-220*240cm | C21: 400 | D21: 400
B22: 朦胧黄-150*200cm | C22: 102 | D22: 400
B23: 朦胧黄-200*230cm | C23: 600 | D23: 200
B24: 朦胧黄-220*240cm | C24: 400 | D24: 400
C25: =SUM(C16:C24) | D25: =SUM(D16:D24)
B26: 实际差异 | C26: =C25-C12 | D26: =D25-D12
A38: 7+8月合计到货34130 | B38: 与渠道销售预测缺口 | F38: -2000 | G38: -3500 | H38: -5000 | I38: -7300 | J38: -10000 | K38: -10000
A39: 9月合计到货54250
C41: 45524 | D41: 45529 | E41: 45534 | F41: 45539 | G41: 45544 | H41: 45549 | I41: 45554 | J41: 45559 | K41: 45564
B42: 深空蓝 | C42: 3400 | D42: 4300 | E42: 4250
B43: 黎明灰 | C43: 1800 | D43: 1100 | E43: 800
B44: 朦胧黄 | C44: 1100 | D44: 1100 | E44: 200
B45: total | C45: 6300 | D45: 6500 | E45: 5250 | F45: 5250 | G45: 8750 | H45: 8750 | I45: 8750 | J45: 8750 | K45: 14000
E54: 45524 | F54: 45524
D55: total | E55: 优绵 | F55: 万青
B56: 深空蓝-150*200cm | D56: =SUM(E56:F56) | E56: 0 | F56: 600
B57: 深空蓝-200*230cm | D57: =SUM(E57:F57) | E57: 300 | F57: 1700
B58: 深空蓝-220*240cm | D58: =SUM(E58:F58) | E58: 0 | F58: 800
B59: 黎明灰-150*200cm | D59: =SUM(E59:F59) | E59: 200
B60: 黎明灰-200*230cm | D60: =SUM(E60:F60) | E60: 1200
B61: 黎明灰-220*240cm | D61: =SUM(E61:F61) | E61: 400
B62: 朦胧黄-150*200cm | D62: =SUM(E62:F62) | E62: 100
B63: 朦胧黄-200*230cm | D63: =SUM(E63:F63) | E63: 600
B64: 朦胧黄-220*240cm | D64: =SUM(E64:F64) | E64: 400
A66: 8.21更新 | C66: 45524 | D66: 45529 | E66: 45534 | F66: 45538 | G66: 45542 | H66: 45546 | I66: 45550 | J66: 45554 | K66: 45558 | L66: 45562 | M66: 45565
B67: 深空蓝
B68: 黎明灰
B69: 朦胧黄
B70: total | F70: 6480 | G70: 6000 | H70: 9600 | I70: 9600 | J70: 8100 | K70: 6200 | L70: 9800 | M70: 7350
F71: =SUM(F72:F80) | G71: =SUM(G72:G80) | H71: =SUM(H72:H80) | I71: =SUM(I72:I80) | J71: =SUM(J72:J80) | K71: =SUM(K72:K80) | L71: =SUM(L72:L80) | M71: =SUM(M72:M80)
B72: 深空蓝-150*200cm | F72: 2300 | G72: 1600 | H72: 2500 | I72: 2450 | J72: 1900 | K72: 1500 | L72: 2400 | M72: 1800
B73: 深空蓝-200*230cm | F73: 2000 | G73: 2400 | H73: 3300 | I73: 3700 | J73: 3100 | K73: 2300 | L73: 3500 | M73: 2500
B74: 深空蓝-220*240cm | F74: 1780 | G74: 1200 | H74: 2000 | I74: 2000 | J74: 1500 | K74: 1100 | L74: 2100 | M74: 1450
B75: 黎明灰-150*200cm | F75: 0 | G75: 300 | H75: 400 | I75: 450 | J75: 400 | K75: 300 | L75: 500 | M75: 400
B76: 黎明灰-200*230cm | F76: 300 | G76: 500 | H76: 1400 | I76: 1000 | J76: 900 | K76: 800 | L76: 1100 | M76: 900
B77: 黎明灰-220*240cm | F77: 0 | G77: 0 | H77: 0 | I77: 0 | J77: 300 | K77: 200 | L77: 200 | M77: 300
B78: 朦胧黄-150*200cm | F78: 0 | G78: 0 | H78: 0 | I78: 0 | J78: 0 | K78: 0 | L78: 0 | M78: 0
B79: 朦胧黄-200*230cm | F79: 0 | G79: 0 | H79: 0 | I79: 0 | J79: 0 | K79: 0 | L79: 0 | M79: 0
B80: 朦胧黄-220*240cm | F80: 0 | G80: 0 | H80: 0 | I80: 0 | J80: 0 | K80: 0 | L80: 0 | M80: 0
Y84: 预排 | Z84: 预排 | AA84: 预排 | AB84: 预排 | AC84: 预排 | AE84: 预排 | AG84: 预排 | AI84: 预排 | AK84: 预排 | AL84: 预排 | AO84: 预排 | AP84: 预排
A85: 45554 | C85: 45536 | D85: 45537 | E85: 45538 | F85: 45539 | G85: 45540 | H85: 45541 | I85: 45542 | J85: 45543 | K85: 45544 | L85: 45545 | M85: 45546 | N85: 45547 | O85: 45548 | P85: 45549 | Q85: 45550 | R85: 45551 | S85: 45552 | T85: 45555 | U85: 45556 | V85: 45557 | W85: 45558 | X85: 45559 | Y85: 45562 | Z85: 45563 | AA85: 45564 | AB85: 45565 | AC85: 45571 | AD85: 45572 | AE85: 45573 | AF85: 45574 | AG85: 45575 | AH85: 45576 | AI85: 45577 | AJ85: 45578 | AK85: 45579 | AL85: 45580 | AM85: 45581 | AN85: 45582 | AO85: 45583 | AP85: 45584 | AQ85: 45583 | AR85: 45584 | AS85: 45587 | AT85: 45588 | AU85: 45592 | AV85: 45596
B86: 深空蓝-150*200cm | C86: 281 | D86: 0 | E86: 1237 | F86: 0 | G86: 0 | H86: 0 | I86: 1341 | J86: 0 | K86: 762 | L86: 42 | M86: 1200 | N86: 0 | O86: 0 | P86: 869 | Q86: 804 | R86: 0 | S86: 809 | T86: 1104 | U86: 0 | V86: 400 | W86: 0 | X86: 552 | Y86: =F99+F111 | AB86: =G99+H111 | AC86: 996 | AE86: 400 | AG86: 900 | AI86: 600 | AK86: 900 | AL86: 600 | AO86: 600 | AP86: 96 | AQ86: 250 | AR86: 600 | AS86: 950 | AT86: 800 | AU86: 1500 | AV86: 1500
B87: 深空蓝-200*230cm | C87: 300 | D87: 0 | E87: 1259 | F87: 0 | G87: 0 | H87: 40 | I87: 2665 | J87: 0 | K87: 972 | L87: 600 | M87: 1616 | N87: 0 | O87: 0 | P87: 1150 | Q87: 1800 | R87: 0 | S87: 1214 | T87: 2200 | U87: 0 | V87: 0 | W87: 0 | X87: 1400 | Y87: =F100+F112 | AB87: =G100+H112 | AC87: 1600 | AE87: 458 | AG87: 1200 | AI87: 1200 | AK87: 1200 | AL87: 1000 | AO87: 1200 | AP87: 504 | AQ87: 450 | AR87: 1000 | AS87: 1300 | AT87: 1500 | AU87: 3000 | AV87: 2950
B88: 深空蓝-220*240cm | C88: 250 | D88: 0 | E88: 1342 | F88: 0 | G88: 0 | H88: 0 | I88: 772 | J88: 0 | K88: 100 | L88: 300 | M88: 800 | N88: 0 | O88: 0 | P88: 500 | Q88: 800 | R88: 0 | S88: 672 | T88: 800 | U88: 0 | V88: 600 | W88: 0 | X88: 700 | Y88: =F101+F113 | AB88: =G101+H113 | AC88: 0 | AE88: 500 | AG88: 900 | AI88: 750 | AK88: 300 | AL88: 600 | AO88: 700 | AP88: 200 | AQ88: 350 | AR88: 700 | AS88: 1050 | AT88: 700 | AU88: 1300 | AV88: 1300
B89: 黎明灰-150*200cm | C89: 102 | D89: 0 | E89: 138 | F89: 0 | G89: 0 | H89: 0 | I89: 0 | J89: 0 | K89: 0 | L89: 0 | M89: 804 | N89: 0 | O89: 0 | P89: 0 | Q89: 696 | R89: 0 | S89: 0 | T89: 402 | U89: 0 | V89: 0 | W89: 0 | X89: 804 | Y89: =F102+F114 | AB89: =G102+H114 | AC89: 0 | AE89: 150 | AG89: 702 | AI89: 300 | AK89: 0 | AL89: 100 | AO89: 100 | AP89: 200 | AQ89: 0 | AR89: 50 | AS89: 100 | AT89: 300 | AU89: 600 | AV89: 500
B90: 黎明灰-200*230cm | C90: 700 | D90: 0 | E90: 0 | F90: 0 | G90: 0 | H90: 0 | I90: 1300 | J90: 0 | K90: 0 | L90: 0 | M90: 1200 | N90: 0 | O90: 0 | P90: 0 | Q90: 1300 | R90: 0 | S90: 0 | T90: 300 | U90: 0 | V90: 0 | W90: 0 | X90: 0 | Y90: =F103+F115 | AB90: =G103+H115 | AC90: 0 | AE90: 200 | AG90: 1000 | AI90: 400 | AK90: 800 | AL90: 0 | AO90: 0 | AP90: 0 | AQ90: 202 | AR90: 340 | AS90: 650 | AT90: 500 | AU90: 1000 | AV90: 900
